Sample No,Sample Type,Dup,X_m_Rand,,X_m,Y_m_Rand,,Y_m,Au_ppm,Cu_ppm,Pb_ppm,Zn_ppm
100,BLK,,0.293220856,7619,300079,0.694995093,57675,4045905,0.026193782,0.050390693,0.012374386,0.047330442
101,NRM,,0.361856387,8274,300754,0.04996163,35505,4031168,0.9369883,0.29177013,0.072373939,0.592189693
102,NRM,,0.20068939,5983,307338,0.75985655,19838,4033535,0.639235755,0.198897132,0.120449245,0.176400041
103,NRM,,0.890080846,6176,302364,0.927939773,40326,4094894,0.642442881,0.704391912,0.290632957,0.624512635
104,NRM,Parent,0.073029524,3986,300424,0.418157998,25448,4021974,0.192099608,0.47630679,0.246199223,0.134373694
105,DUP,104,0.386367842,5609,305924,0.20267106,20253,4006179,0.869615752,0.332094391,0.636883289,0.833677761
106,NRM,,0.793315251,1467,305408,0.843716487,94743,4025469,0.524992715,0.40014932,0.253995292,0.489201218
107,NRM,,0.0361877,3818,303007,0.915578528,53431,4040913,0.947392347,0.575233946,0.585484738,0.022603254
108,NRM,,0.490869404,0582,306646,0.113049237,00773,4079997,0.72544819,0.138439481,0.542671336,0.733487323
109,NRM,,0.921225203,0149,305596,0.274060633,75285,4003691,0.083303235,0.189991522,0.902753862,0.737876792
110,CRM,,0.263550782,7248,306753,0.385565471,19925,4061136,0.396540512,0.246488975,0.048444262,0.441845255
111,NRM,,0.156376398,6311,303758,0.072927076,50964,4007677,0.36671351,0.821973031,0.190480256,0.530534501
112,NRM,,0.881959178,2615,309539,0.447672797,87255,4094289,0.752298614,0.574628054,0.850459435,0.779752164
113,NRM,,0.016008637,7352,307482,0.624602274,26863,4073475,0.674281497,0.684823765,0.312053114,0.004782363
114,NRM,,0.044125349,1843,304183,0.099823959,37601,4063137,0.074686494,0.726376983,0.275873565,0.325482885
115,BLK,,0.633094637,7831,301935,0.439852991,67243,4092739,0.026299465,0.045873029,0.056573238,0.009064246
116,NRM,,0.538602907,8466,301316,0.330906441,18833,4082605,0.648178485,0.243951443,0.22008444,0.344397525
117,NRM,,0.236125493,9492,301939,0.433462952,95839,4056117,0.720259093,0.37473033,0.615128976,0.862454598
118,NRM,,0.876470437,5734,307429,0.151121292,93384,4066414,0.301463091,0.176295838,0.227577779,0.727181598
119,NRM,Parent,0.816368601,7195,306667,0.397627024,32669,4035747,0.522843636,0.153036187,0.307943511,0.457524852
120,DUP,119,0.217683345,9697,301433,0.90631693,34762,4044058,0.479915885,0.729343349,0.091445964,0.747020308
121,NRM,,0.627209316,4993,307548,0.76763341,47499,4033186,0.308279117,0.001046928,0.865072682,0.739285355
122,NRM,,0.671313517,7252,305399,0.561899484,76481,4052035,0.699304832,0.24814705,0.385441003,0.526534617
123,NRM,,0.622044126,4382,307774,0.948320847,43334,4061435,0.293398033,0.178742037,0.007144641,0.584142785
124,NRM,,0.811233372,2279,305516,0.734232774,53962,4052956,0.645038586,0.704546782,0.678899984,0.735288315
125,CRM,,0.369763792,1604,307674,0.358331958,18491,4013633,0.99035235,0.583537074,0.702617964,0.105692094
126,NRM,,0.887396893,6326,306619,0.839716294,60374,4091743,0.67291634,0.084847651,0.083080841,0.639514216
127,NRM,,0.412600904,4926,303587,0.129772775,98308,4048846,0.033978319,0.880396906,0.777074871,0.897897338
128,NRM,,0.758396725,5735,300625,0.927513075,95889,4059793,0.256315604,0.155081201,0.585328026,0.599248911
129,NRM,,0.215451076,8129,305564,0.465681637,41612,4034519,0.127074699,0.331865198,0.739439771,0.902836595
130,BLK,,0.051727555,2118,300958,0.879068846,45228,4031713,0.001576342,0.007700057,0.04014991,0.023985715
131,NRM,,0.413661396,9794,300632,0.865666508,82815,4065414,0.618277612,0.482136912,0.829296483,0.824967186
132,NRM,,0.251813559,3361,300329,0.421734962,81547,4089043,0.154289274,0.377463948,0.330451146,0.37551172
133,NRM,,0.447695892,7583,301984,0.093431061,32774,4077186,0.736044572,0.549757505,0.733926249,0.979450992
134,NRM,Parent,0.583993663,0464,309203,0.985557992,59722,4018509,0.615941558,0.139986376,0.754944133,0.01847487
135,DUP,134,0.581922955,1852,309579,0.375140967,50928,4099089,0.796798375,0.557787534,0.560826577,0.169392952
136,NRM,,0.798038659,9873,301263,0.038307413,31254,4076776,0.112961296,0.110387935,0.108371663,0.570103136
137,NRM,,0.530285696,8287,303604,0.877466864,43125,4093752,0.852636182,0.473161191,0.19009826,0.095355626
138,NRM,,0.198973273,2501,303501,0.934120208,73218,4006698,0.642591273,0.978203186,0.918891508,0.104889222
139,NRM,,0.343704514,3713,305113,0.300494927,57003,4060093,0.169032444,0.973776516,0.575736004,0.237520695
140,CRM,,0.142012678,3313,309673,0.701085663,60405,4047694,0.306332236,0.749932523,0.873021527,0.128749004
141,NRM,,0.460371608,2459,305745,0.158418919,58755,4057532,0.568856614,0.121320395,0.183415487,0.483553806
142,NRM,,0.676129042,4203,300952,0.027360213,98174,4041451,0.603533175,0.374993411,0.702678184,0.318910127
143,NRM,,0.015551601,6368,306609,0.266639966,34786,4063293,0.806147702,0.080206435,0.14703807,0.001398645
144,NRM,,0.332055889,6396,307665,0.833426002,32389,4084455,0.560503466,0.913678996,0.085834182,0.576787675
145,BLK,,0.283115589,0611,306147,0.718620676,22776,4086698,0.02982614,0.05914188,0.059512221,0.025221676
146,NRM,,0.544121886,4256,300278,0.165795705,41519,4027963,0.52086647,0.574834356,0.633635385,0.56663723
147,NRM,,0.944028675,4206,303747,0.012839143,03185,4064768,0.355433125,0.936816413,0.975756079,0.173377588
148,NRM,,0.233585183,6218,305871,0.176606763,59499,4094449,0.24657674,0.04823964,0.514539629,0.123025997
149,NRM,Parent,0.612665921,8946,305427,0.276172948,74654,4095452,0.087950341,0.649205054,0.493702099,0.393549614
150,DUP,149,0.066036672,5772,301784,0.527422291,30325,4091403,0.957839192,0.981837894,0.808473874,0.346509932
151,NRM,,0.192159616,5509,305786,0.443674784,01851,4050648,0.880484329,0.185311842,0.724008325,0.267572536
152,NRM,,0.610569543,6814,300479,0.41483961,06681,4056296,0.676675699,0.147961229,0.432268161,0.799386909
153,NRM,,0.843096228,4394,307091,0.068679063,12117,4019813,0.026640633,0.999695123,0.97074291,0.985923784
154,NRM,,0.835117344,0555,307548,0.302274201,99182,4017562,0.383674463,0.334717255,0.243448328,0.400774883
155,CRM,,0.794428624,3872,305634,0.926550809,77461,4080936,0.522735145,0.095293299,0.137570047,0.638186495
156,NRM,,0.159656735,7489,300318,0.885648584,70622,4053431,0.783725773,0.484334454,0.188960184,0.365400191
157,NRM,,0.73847536,0896,303143,0.827367454,15471,4092264,0.246767963,0.395225606,0.510206684,0.318119834
158,NRM,,0.730525701,5452,307889,0.254521948,11624,4049498,0.107463743,0.415698547,0.987777355,0.843758726
159,NRM,,0.831290076,7766,307728,0.96053605,03013,4006498,0.738132158,0.842684455,0.249589161,0.739775834
160,BLK,,0.453021278,9973,309965,0.582209438,18444,4021555,0.022003041,0.021495854,0.049997217,0.043080863
161,NRM,,0.129243094,7915,300298,0.403789392,37926,4004377,0.588370837,0.829794814,0.111097945,0.767393318
162,NRM,,0.835460202,2065,300485,0.359510283,34674,4019475,0.400155674,0.729898135,0.745801127,0.996235939
163,NRM,,0.087550219,7095,306514,0.809861829,70423,4057601,0.161255169,0.629106152,0.121238315,0.644897412
164,NRM,Parent,0.259672955,4989,302132,0.291926135,20856,4072733,0.360073051,0.046554725,0.451381655,0.664558603
165,DUP,164,0.633730142,3946,308976,0.404554322,74637,4087895,0.298565448,0.523915091,0.941010602,0.671805362
166,NRM,,0.521290245,0194,306829,0.405958903,51243,4004579,0.213020529,0.431982194,0.791698799,0.957150663
167,NRM,,0.373293879,0767,304054,0.833889184,82504,4057554,0.316549263,0.185633706,0.257053996,0.945021136
168,NRM,,0.74511163,6064,306861,0.785066106,56381,4085182,0.924179187,0.791323332,0.075665754,0.012599986
169,NRM,,0.259520662,8815,308089,0.761404612,21581,4005964,0.779767072,0.416213468,0.622459252,0.928017522
170,CRM,,0.414114563,6652,309553,0.246477405,46889,4069592,0.807286905,0.72314528,0.48086264,0.100027842
171,NRM,,0.724669685,7512,307597,0.541495697,22606,4058059,0.509518686,0.255729069,0.956114848,0.545941537
172,NRM,,0.405861695,5986,301778,0.953054388,69602,4012085,0.524799158,0.002669548,0.722206132,0.437791746
173,NRM,,0.664113117,9113,301595,0.918448777,58966,4044887,0.915583933,0.436765875,0.458637373,0.558800307
174,NRM,,0.996465768,1273,305102,0.921458936,09048,4064646,0.098482241,0.556027597,0.558072133,0.118889976
175,BLK,,0.575896054,2155,305371,0.293420147,48298,4022636,0.013355606,0.045667384,0.047623397,0.04174741
176,NRM,,0.081034339,2836,301406,0.604900145,85414,4092629,0.496490058,0.796774754,0.477713205,0.882356161
177,NRM,,0.805623379,5369,308295,0.800271372,82775,4097604,0.785013276,0.825524294,0.639148975,0.769654683
178,NRM,,0.692650211,3098,302615,0.029979111,22635,4006385,0.02386937,0.993521824,0.796651542,0.559221941
179,NRM,Parent,0.73242597,5603,303043,0.778985392,82751,4059636,0.569766979,0.720816449,0.20317735,0.411123289
180,DUP,179,0.030995964,2532,309987,0.086472808,89911,4029882,0.360534407,0.205720784,0.100112825,0.043480955
181,NRM,,0.163741447,1953,300532,0.776026033,06399,4060146,0.325658455,0.63927242,0.696310009,0.233726678
182,NRM,,0.764788302,3252,301172,0.444908244,69376,4085608,0.693033611,0.359054932,0.136516836,0.095972116
183,NRM,,0.426664611,3875,302834,0.397228604,10312,4028217,0.408857561,0.488207691,0.614188285,0.496015535
184,NRM,,0.08681289,0786,303082,0.758042433,12411,4061757,0.784386199,0.290648151,0.012894278,0.941372411
185,CRM,,0.180590433,1059,300512,0.425394318,52674,4079827,0.218261915,0.744669849,0.083853599,0.920556193
186,NRM,,0.998315922,4071,309343,0.384749405,60492,4099902,0.135410868,0.126224212,0.20135612,0.736039512
187,NRM,,0.609874341,0049,305445,0.439566727,72133,4058177,0.581577161,0.608609922,0.578031751,0.655788929
188,NRM,,0.901548332,2863,308193,0.799422239,41317,4051266,0.078817852,0.892916356,0.39362544,0.270627147
189,NRM,,0.677753152,2118,301115,0.102522089,12138,4057558,0.217488849,0.554035588,0.871781799,0.58435278
190,BLK,,0.583194743,0703,302002,0.658939743,07536,4002293,0.023710116,0.006496699,0.048266934,0.004903269
191,NRM,,0.493255201,7509,305131,0.098283169,20379,4052837,0.024257193,0.788351907,0.8293383,0.93363974
192,NRM,,0.513330055,2914,303794,0.701075869,13206,4057903,0.36086938,0.78729032,0.089313299,0.70981525
193,NRM,,0.538829906,7637,307054,0.768521624,22335,4090343,0.679148148,0.571098137,0.437717972,0.320447636
194,NRM,Parent,0.222598949,4455,309483,0.570021963,28584,4029383,0.75256501,0.362537687,0.223334335,0.953454082
195,DUP,194,0.82312025,2485,305715,0.084702254,29917,4000972,0.258396064,0.29898817,0.725964577,0.189123591
196,NRM,,0.995259908,2949,308215,0.930921317,79342,4059299,0.802262013,0.271216639,0.810932182,0.316427338
197,NRM,,0.470340377,8916,301159,0.734102461,50996,4077018,0.535818902,0.499942406,0.003365567,0.216307119
198,NRM,,0.045846675,9448,308508,0.215885877,68911,4055688,0.922622844,0.411811642,0.67438266,0.366644016
199,NRM,,0.196227861,7545,302099,0.523288491,50714,4020736,0.180110929,0.392886189,0.297342871,0.182161534
200,CRM,,0.411496824,9286,305117,0.363741533,48674,4082835,0.367612332,0.008642692,0.975312821,0.405424788
201,NRM,,0.87703993,0899,300307,0.650844309,04652,4086353,0.575927413,0.751944273,0.624523451,0.777531935
202,NRM,,0.016511052,7741,306955,0.574917976,18655,4098347,0.018120096,0.567027211,0.231564817,0.242451549
203,NRM,,0.808149498,9126,307973,0.27630305,65167,4046019,0.984014044,0.471379509,0.97511202,0.366902447
204,NRM,,0.976633515,0137,305517,0.558161852,30352,4041289,0.079325404,0.218910625,0.077404201,0.924376186
205,BLK,,0.775444923,3557,300977,0.678888552,89602,4009262,0.011816876,0.015591555,0.004900049,0.045282007
206,NRM,,0.738998089,6599,304551,0.969151722,48998,4068423,0.357362759,0.283581037,0.765190946,0.221728891
207,NRM,,0.535450363,8485,306546,0.631000062,53848,4092311,0.188717521,0.733399384,0.613054071,0.032095645
208,NRM,,0.931961986,1934,300097,0.281486233,22213,4048906,0.01065354,0.84241804,0.4178319,0.463465254
209,NRM,Parent,0.911594671,8955,303584,0.933847138,78997,4017152,0.079846092,0.810191216,0.230858543,0.289713932
210,DUP,209,0.693266031,9255,307554,0.123379364,79872,4004265,0.532217371,0.751348056,0.886200639,0.618019556
211,NRM,,0.927514641,5889,308582,0.71682952,43057,4091117,0.335906381,0.585750422,0.622428133,0.721739924
212,NRM,,0.563253768,2731,300083,0.422750119,91466,4037362,0.299367868,0.298156412,0.34075693,0.82047354
213,NRM,,0.226398794,3965,302501,0.434780453,98971,4005792,0.386457661,0.946049479,0.469689715,0.745038396
214,NRM,,0.499739465,4571,304793,0.900740914,02435,4033936,0.190914159,0.098322808,0.796254788,0.574930041
215,CRM,,0.884110484,3462,306594,0.817152618,83849,4032352,0.270209437,0.988435557,0.1563715,0.703917488
216,NRM,,0.150186135,5774,306905,0.684666341,24844,4006205,0.695819666,0.372053121,0.474504453,0.479358598
217,NRM,,0.117881298,8229,307924,0.430892995,25274,4044994,0.465150618,0.693114204,0.004665272,0.923647574
218,NRM,,0.138492283,2655,301346,0.029467345,63561,4019785,0.826809306,0.349930798,0.870196489,0.876930998
219,NRM,,0.499094723,6672,306167,0.766188953,43669,4015393,0.467262391,0.287599924,0.092582453,0.215888717
220,BLK,,0.711715723,0155,302246,0.622021955,90179,4095295,0.006942369,0.040747863,0.052877175,0.032821741
221,NRM,,0.879633155,6122,307573,0.743891664,95776,4044771,0.185089591,0.919881817,0.461467572,0.845582051
222,NRM,,0.488204702,2228,306882,0.762992406,82753,4020356,0.895453796,0.186642904,0.608314969,0.924615465
223,NRM,,0.260692416,6141,302761,0.132346648,39855,4039021,0.13575526,0.049302629,0.110670823,0.403443715
224,NRM,Parent,0.63669724,0743,301451,0.409000213,24527,4076276,0.338417719,0.264209253,0.671494222,0.271890275
225,DUP,224,0.38392041,1637,309254,0.912229771,68774,4060994,0.389476849,0.065773644,0.110907769,0.215812649
226,NRM,,0.903686602,5051,302029,0.724551369,22022,4071164,0.926659114,0.679344614,0.776075126,0.046062452
227,NRM,,0.901437408,5718,302922,0.99787342,80081,4045734,0.959612626,0.031273659,0.099710793,0.713343817
228,NRM,,0.552594885,3048,305874,0.660481078,81402,4074675,0.821077194,0.643566274,0.143305583,0.892139253
229,NRM,,0.824418817,5602,309149,0.4588318,75862,4044118,0.608545701,0.853208406,0.990550247,0.758649578
230,CRM,,0.357936962,7758,305113,0.616792464,97899,4083372,0.350968594,0.166891857,0.248677225,0.500698065
231,NRM,,0.840264407,4031,306532,0.610041839,47879,4096797,0.444977092,0.243587685,0.790931681,0.079160661
232,NRM,,0.168069661,5456,300304,0.459703597,02394,4013878,0.507423478,0.711721354,0.804850717,0.134285131
233,NRM,,0.568702545,2273,305898,0.144516828,55667,4089958,0.940778465,0.459236556,0.534448652,0.040931462
234,NRM,,0.316040757,0595,308477,0.98677176,05239,4026888,0.851184177,0.462489298,0.276337846,0.943909267
235,BLK,,0.594940804,0054,305292,0.8591951,25338,4015907,0.054928726,0.032360828,0.013550821,0.035391175
236,NRM,,0.453876951,9405,305263,0.226887564,81872,4081846,0.505996346,0.28693541,0.396202726,0.771037762
237,NRM,,0.553497381,3885,306047,0.45932606,85355,4058593,0.912594085,0.11047846,0.913639193,0.979821859
238,NRM,,0.207592674,8153,301509,0.968986015,01066,4062151,0.894566294,0.599145442,0.160545024,0.142439693
239,NRM,Parent,0.314494231,2546,308336,0.747320798,49303,4044329,0.254711338,0.086987523,0.985044416,0.900904346
240,DUP,239,0.812468106,5954,303398,0.882402612,45019,4037593,0.346191772,0.148736577,0.758322296,0.279814245
241,NRM,,0.348601976,3921,303881,0.22352684,05328,4094808,0.754892121,0.401409988,0.497345363,0.729492021
242,NRM,,0.469808595,5217,305958,0.921538137,89128,4053687,0.75992145,0.006813482,0.179554547,0.424557635
243,NRM,,0.326436222,8667,309774,0.203047821,94726,4049164,0.759481349,0.604050535,0.651086123,0.946927931
244,NRM,,0.811424919,9105,303885,0.579237035,12783,4009184,0.518402293,0.4169819,0.750729335,0.770352958
245,CRM,,0.348973598,2415,307821,0.63474649,47754,4037159,0.429483084,0.820027497,0.861278477,0.160350226
246,NRM,,0.894983451,2328,308119,0.448946591,90466,4055971,0.381740225,0.329635385,0.887429799,0.478214573
247,NRM,,0.410212404,0397,305971,0.988099659,58434,4096481,0.300239172,0.599239245,0.008325623,0.524113907
248,NRM,,0.447828162,7086,305693,0.241055507,44368,4040125,0.636918026,0.911808812,0.176345861,0.736797745
249,NRM,,0.266279906,7268,305223,0.72122632,19783,4081609,0.528808951,0.179835999,0.318389661,0.925508058
250,BLK,,0.756805206,4314,306459,0.632206204,42722,4076695,0.03679383,0.013455963,0.045732778,0.027688947
251,NRM,,0.856868885,6454,306332,0.691260626,78742,4071015,0.103443168,0.297488662,0.001883715,0.808105678
252,NRM,,0.488141232,5908,302898,0.650542845,44294,4043138,0.256264114,0.192704952,0.042634315,0.52361163
253,NRM,,0.850727936,6475,306255,0.7249611,24542,4056844,0.987600348,0.748418431,0.898521741,0.179083183
254,NRM,Parent,0.371423962,4576,309663,0.590790485,16785,4023937,0.576503489,0.966995848,0.741454844,0.809984772
255,DUP,254,0.803136587,1149,302756,0.106466206,22506,4027125,0.772137026,0.402743552,0.538930757,0.314610117
256,NRM,,0.808567729,0209,308637,0.293775836,78239,4036618,0.277072919,0.806411317,0.066974133,0.438422692
257,NRM,,0.177141787,9016,306862,0.287569083,93348,4026507,0.228866707,0.5977935,0.335739029,0.37826964
258,NRM,,0.715551389,1381,303408,0.592755207,70445,4024569,0.55183513,0.480578656,0.321391575,0.939436915
259,NRM,,0.377918239,8068,307432,0.349101151,39042,4044231,0.64735041,0.430908819,0.245293557,0.185021269
260,CRM,,0.78960702,7908,307517,0.58951649,28827,4031999,0.160508105,0.287969232,0.158247668,0.17903966
261,NRM,,0.793189082,4305,308108,0.867863791,29428,4015301,0.013193695,0.814257787,0.239745804,0.932952735
262,NRM,,0.08185088,9277,309575,0.36870067,23619,4000157,0.407175566,0.41092146,0.91570165,0.186725194
263,NRM,,0.891091414,6597,302232,0.769419222,13369,4056884,0.915373926,0.526951231,0.885749239,0.98961215
264,NRM,,0.116466214,5999,306889,0.872664909,66332,4090553,0.810216777,0.958878431,0.3475475,0.44036179
265,BLK,,0.785603028,5474,304198,0.932492721,13224,4008516,0.041168866,0.024969349,0.008789762,0.059452118
266,NRM,,0.49043665,1549,302102,0.247399779,56703,4037366,0.654307897,0.843541351,0.864430018,0.097047415
267,NRM,,0.532075961,4614,307939,0.72296264,32809,4024758,0.404634247,0.657664465,0.636499443,0.785702695
268,NRM,,0.163266718,3591,307819,0.435449872,23892,4052124,0.331207014,0.87443836,0.5442179,0.691554272
269,NRM,Parent,0.016100656,7791,300047,0.342334332,46846,4089891,0.6165335,0.13766682,0.763730035,0.222033947
270,DUP,269,0.531352318,2946,309026,0.590516429,65443,4004662,0.688153611,0.910560653,0.631203949,0.269430392
271,NRM,,0.452848777,3359,309229,0.907846569,23635,4063613,0.989078537,0.067851425,0.296891021,0.103279674
272,NRM,,0.454193292,9358,300787,0.713694365,00641,4001369,0.142256977,0.434403623,0.034051724,0.609071938
273,NRM,,0.344809578,3149,309744,0.841897252,43585,4014459,0.798447563,0.247821109,0.918056428,0.605969254
274,NRM,,0.163229872,7856,300158,0.941409787,83542,4011857,0.180900093,0.648762377,0.747216095,0.979029876
275,CRM,,0.549480206,3465,309933,0.941482236,62796,4023723,0.947947569,0.249711416,0.366495789,0.559726961
276,NRM,,0.477342152,2432,301405,0.782709096,86807,4042474,0.93880986,0.780720321,0.660565417,0.519202829
277,NRM,,0.708313377,9909,307525,0.328561099,56704,4090978,0.48536922,0.669612676,0.532946034,0.210758653
278,NRM,,0.695290542,1158,304081,0.677683348,89836,4075017,0.998770651,0.555125001,0.211185977,0.827851061
279,NRM,,0.035708617,4607,306489,0.394597939,25632,4065565,0.47812531,0.62446224,0.994380558,0.916895985
280,BLK,,0.095322206,0683,304469,0.477980368,21882,4048966,0.000860608,0.014748149,0.008773292,0.002351521
281,NRM,,0.331671362,0677,301249,0.178796206,54181,4066235,0.935232917,0.230656283,0.550903797,0.88273293
282,NRM,,0.863407025,8492,307204,0.366608989,51549,4074616,0.493241664,0.443710929,0.28765252,0.85154691
283,NRM,,0.201529682,3435,300073,0.93305609,72797,4036459,0.883844009,0.905539848,0.670708661,0.554990946
284,NRM,Parent,0.279811495,9812,306181,0.007314394,22164,4074903,0.07722224,0.66960403,0.324845052,0.218014946
285,DUP,284,0.610553458,7361,300462,0.072361086,33591,4043606,0.475777175,0.71439144,0.59235208,0.917111947
286,NRM,,0.623419149,8322,307419,0.369488906,93928,4017697,0.201002829,0.914638899,0.075082427,0.452128742
287,NRM,,0.72969299,1029,308091,0.312273193,21447,4062504,0.228729298,0.758746342,0.276327343,0.109315825
288,NRM,,0.511520871,1714,300632,0.837026597,69727,4068844,0.74662094,0.004234384,0.490378506,0.354679218
289,NRM,,0.929702052,2281,308307,0.994230475,51759,4009441,0.569694283,0.483295038,0.431441786,0.892717481
290,CRM,,0.639885035,5862,305488,0.856286825,69605,4033765,0.513633821,0.030756567,0.321486828,0.946294864
291,NRM,,0.212336457,9701,304784,0.220176042,43625,4006588,0.528406528,0.834576383,0.431940496,0.781252911
292,NRM,,0.538393019,2144,305266,0.391320282,90016,4070106,0.533896385,0.111362172,0.533381991,0.972309848
293,NRM,,0.514072968,0012,308109,0.923185471,34885,4006063,0.519178977,0.136668906,0.778986345,0.872943126
294,NRM,,0.535524156,9402,308856,0.990388447,44556,4002836,0.441328016,0.929678092,0.805064728,0.15139517
295,BLK,,0.332032599,0551,306642,0.935991892,98821,4034409,0.022154919,0.04747182,0.020699922,0.012417274
296,NRM,,0.487886907,4117,307335,0.977868455,81556,4058911,0.681686508,0.098396483,0.560026346,0.537660901
297,NRM,,0.297274894,6048,303604,0.919992646,65641,4069239,0.115281452,0.031483585,0.686622424,0.712718053
298,NRM,,0.378902793,6224,302687,0.11722411,73764,4059013,0.018449373,0.181704788,0.632125279,0.674615563
299,NRM,Parent,0.707483919,1949,309635,0.48896478,01671,4020919,0.205548284,0.912800544,0.840747278,0.950012078
300,DUP,299,0.722125268,2697,308524,0.402321598,14968,4075592,0.320752606,0.513034371,0.795906772,0.905790995
301,NRM,,0.224928745,7584,307392,0.354847168,83894,4073328,0.243435864,0.381880336,0.704746261,0.006306082
302,NRM,,0.384258588,3516,308013,0.803159583,33319,4080667,0.636072402,0.524154386,0.699388625,0.982152098
303,NRM,,0.817082052,7824,306791,0.311032178,80087,4074247,0.494751208,0.036065707,0.788912275,0.136193868
304,NRM,,0.429964371,6082,302994,0.017540018,07895,4032675,0.874627185,0.760713251,0.548480179,0.767939295
305,CRM,,0.405651295,8002,300523,0.930995149,26771,4022211,0.937234434,0.953100104,0.402960376,0.202838952
306,NRM,,0.22372487,7018,300335,0.999535208,60216,4053271,0.404648505,0.753889597,0.830848305,0.965173936
307,NRM,,0.361705889,9695,308989,0.834880398,14138,4093316,0.617991281,0.477672359,0.62411568,0.270014748
308,NRM,,0.122453844,8323,300601,0.117379422,57851,4075286,0.119526983,0.855334001,0.363763552,0.599558781
309,NRM,,0.868468251,9322,302749,0.37291852,46291,4022653,0.559303985,0.910831261,0.118226022,0.339357858
310,BLK,,0.350299792,9339,301057,0.438126221,15786,4029734,0.058335189,0.022269089,0.037737419,0.043663884
311,NRM,,0.339150622,3421,305146,0.582873398,59079,4042304,0.12793406,0.669617375,0.780103545,0.831721403
312,NRM,,0.732727204,7903,304313,0.403894004,02533,4062918,0.007304599,0.331807264,0.095209038,0.639696695
313,NRM,,0.512618425,4102,307177,0.606012646,47009,4057977,0.25858399,0.574763986,0.933456792,0.106958033
314,NRM,Parent,0.381793845,5359,300978,0.14284461,53903,4091419,0.390060034,0.038940156,0.767142088,0.644968729
315,DUP,314,0.20795385,3546,307779,0.284430272,16088,4031259,0.911456185,0.868124432,0.983433945,0.520468114
316,NRM,,0.229441202,6153,308583,0.112536733,60673,4083932,0.261228752,0.31446047,6.8323E-05,0.532787784
317,NRM,,0.879494056,6079,308783,0.383082158,78639,4056119,0.009114866,0.512777839,0.976694527,0.392125528
318,NRM,,0.326733016,7185,303076,0.370599254,37874,4098037,0.594780898,0.968673771,0.933438228,0.506575364
319,NRM,,0.859262242,8887,302491,0.579756608,41093,4067951,0.49334151,0.330049616,0.782172805,0.123117939
320,CRM,,0.517957317,9717,301927,0.260543622,18494,4092551,0.079953213,0.354714859,0.400174243,0.535755803
321,NRM,,0.990856767,8921,302484,0.298701229,41797,4009138,0.532813024,0.917840794,0.147290476,0.682078328
322,NRM,,0.919172833,1563,300408,0.990942721,43444,4074769,0.039864195,0.426470434,0.371449771,0.586059872
323,NRM,,0.297598659,9075,309165,0.519441066,79156,4027437,0.494817649,0.687254153,0.036048975,0.932231138
324,NRM,,0.401920569,8446,307879,0.498942961,00016,4023966,0.298985259,0.745758158,0.815449863,0.668168449
325,BLK,,0.201351918,1847,301297,0.767635821,42741,4031802,0.057238509,0.015725005,0.014525702,0.05251099
326,NRM,,0.664216028,1871,302909,0.694750893,73386,4014054,0.25060576,0.315781106,0.130245456,0.641416059
327,NRM,,0.775830847,1503,302304,0.580866385,32649,4039638,0.771521112,0.414505284,0.935695529,0.358563843
328,NRM,,0.024756739,8381,301551,0.046570469,43121,4028886,0.269438878,0.09454208,0.410769386,0.970577894
329,NRM,Parent,0.807563435,9534,309046,0.723594383,70664,4004454,0.295844039,0.234545293,0.237128827,0.792219642
330,DUP,329,0.348531507,1091,300329,0.02088931,86635,4063076,0.094479751,0.810080637,0.341846308,0.626604102
331,NRM,,0.026869107,1863,300199,0.470732513,65179,4049734,0.878570838,0.044794849,0.158807145,0.111364286
332,NRM,,0.326257714,7457,304236,0.489843642,56564,4000324,0.678918329,0.441476348,0.988044064,0.15750645
333,NRM,,0.362179742,5862,303792,0.857315964,84365,4041909,0.545610043,0.615425069,0.946237695,0.188213427
334,NRM,,0.762278709,5424,305844,0.028771064,67208,4083846,0.656636081,0.12016426,0.214433852,0.125334914
335,CRM,,0.670980059,5281,306531,0.862587487,66706,4029998,0.259065239,0.377116793,0.235318676,0.943290831
336,NRM,,0.683922793,1736,307209,0.793993906,52777,4074211,0.608048488,0.626042485,0.147693254,0.256787776
337,NRM,,0.388586568,9354,309725,0.651196792,60799,4019895,0.031351768,0.732329628,0.959577987,0.015838989
338,NRM,,0.784131445,4432,302413,0.519146952,95567,4095463,0.250284091,0.789329116,0.268510839,0.162193445
339,NRM,,0.945039983,6601,308259,0.61105662,40053,4004842,0.440400045,0.66567272,0.789145327,0.069972733
340,BLK,,0.129046069,4513,304202,0.036505404,82586,4065362,0.027187026,0.023280811,0.050458632,0.039265524
341,NRM,,0.108308741,2454,308083,0.560233256,85008,4037907,0.487004065,0.569526015,0.262912078,0.511596533
342,NRM,,0.812808878,9649,307621,0.746187756,44505,4035944,0.417702315,0.314546558,0.582815403,0.295868081
343,NRM,,0.814889653,6158,304353,0.95478213,38008,4078025,0.282458491,0.465325284,0.34899816,0.264353464
344,NRM,Parent,0.918288336,0535,301712,0.432232643,50582,4095277,0.937030461,0.458407151,0.483125667,0.926284614
345,DUP,344,0.718727504,6624,308906,0.677876149,01343,4086724,0.331258487,0.400333044,0.947382421,0.848331479
346,NRM,,0.864611471,1678,303928,0.79205918,42731,4016699,0.019816552,0.03217437,0.296725754,0.708721056
347,NRM,,5.07353E-05,E-05,301793,0.837885397,17699,4095443,0.230589054,0.151380683,0.009243397,0.844580803
348,NRM,,0.51708361,8284,307075,0.057647679,42701,4048618,0.298801257,0.734475079,0.848387609,0.353794514
349,NRM,,0.092567676,6134,304321,0.640713635,83546,4024795,0.584344617,0.670037827,0.928618569,0.32386588
350,CRM,,0.114844253,2679,309445,0.730471068,38706,4075311,0.153351828,0.650361157,0.302239084,0.173763068
351,NRM,,0.907057654,4884,304763,0.54776044,61621,4063458,0.646351944,0.018081611,0.695146121,0.037591474
352,NRM,,0.619614989,6437,306132,0.518175229,59205,4005182,0.114677461,0.507998523,0.796791864,0.629285795
353,NRM,,0.74837506,4088,302189,0.701697419,55611,4007501,0.487450967,0.235893908,0.720557461,0.781409356
354,NRM,,0.766486417,7082,304152,0.439107183,17949,4079051,0.580027726,0.740338202,0.459981653,0.479649523
355,BLK,,0.34669368,3709,301458,0.036580378,28246,4036287,0.007345947,0.050789358,0.010478998,0.032077385
356,NRM,,0.656579339,2453,304182,0.253278351,88217,4092115,0.74089879,0.12148795,0.212891973,0.468775848
357,NRM,,0.297966325,9068,303824,0.065616904,00186,4054032,0.918136277,0.414832707,0.585445043,0.473115669
358,NRM,,0.666510455,3583,305043,0.053897611,32917,4073439,0.497027262,0.926035121,0.639322599,0.399092277
359,NRM,Parent,0.764510843,6888,301292,0.960890513,17333,4067484,0.366147445,0.621606661,0.665796084,0.068034826
360,DUP,359,0.484644458,7335,302577,0.864492147,80574,4076547,0.949522812,0.952490267,0.636349608,0.58716744
361,NRM,,0.1738577,7111,301978,0.627845783,07794,4098337,0.766139354,0.009357589,0.788624576,0.162583252
362,NRM,,0.321702026,7841,308619,0.572120311,45615,4080609,0.765715826,0.652644024,0.097270537,0.844923711
363,NRM,,0.976530727,9286,303556,0.246152378,84078,4006646,0.930576557,0.589293823,0.333236034,0.978015011
364,NRM,,0.586788526,1908,302993,0.131013435,07809,4024133,0.586182934,0.393290399,0.168634743,0.701956289
365,CRM,,0.492046092,9664,300343,0.659489927,00879,4023621,0.233878872,0.822324001,0.157431873,0.661013509
366,NRM,,0.775373378,3579,302499,0.967214112,19799,4097563,0.841874268,0.058509721,0.425121141,0.313445362
367,NRM,,0.1977662,1551,300424,0.222560352,59076,4022268,0.617166047,0.936679499,0.101150739,0.455983479
368,NRM,,0.017936626,7066,303015,0.98307413,52149,4072679,0.800261205,0.044402698,0.486067997,0.039584552
369,NRM,,0.919866307,2497,304611,0.965008419,73546,4000582,0.055275157,0.000127307,0.068951989,0.02884001
370,BLK,,0.856694775,5839,300251,0.549954441,06776,4048862,0.050824916,0.003996974,0.059148545,0.043197513
371,NRM,,0.84084417,0727,309079,0.253853484,00296,4023803,0.985410947,0.293108028,0.104220155,0.946338279
372,NRM,,0.441999229,0236,305625,0.575412768,38565,4041434,0.460724898,0.091796857,0.145538512,0.941301909
373,NRM,,0.185602654,1653,309511,0.223851246,83467,4092949,0.975562453,0.741933904,0.011072928,0.641989061
374,NRM,Parent,0.754205462,7449,304236,0.876192927,61618,4071918,0.073571072,0.805871841,0.69800213,0.267459085
375,DUP,374,0.057151198,5393,309356,0.718371383,86023,4012912,0.81830856,0.387241312,0.459873488,0.216140602
376,NRM,,0.410258116,6129,305372,0.976980386,45661,4032006,0.072024361,0.624806696,0.449244148,0.453573686
377,NRM,,0.547251141,1046,303978,0.406803318,86587,4013174,0.710995155,0.186115701,0.895077651,0.674965554
378,NRM,,0.318811607,0356,306456,0.535017675,46717,4061755,0.486163736,0.182341872,0.173573923,0.266645606
379,NRM,,0.406955075,8981,307868,0.764704396,78814,4061405,0.216799551,0.747148437,0.406875035,0.409243706
380,CRM,,0.389517098,2013,303639,0.667375244,38455,4024892,0.310037142,0.699557724,0.472956683,0.260263869
381,NRM,,0.613156176,2144,308236,0.119280527,86394,4070543,0.024982252,0.218049774,0.556604682,0.916183311
382,NRM,,0.006613724,6702,303545,0.004455933,48842,4079641,0.862714989,0.775146395,0.325047177,0.31865128
383,NRM,,0.676585737,1228,302457,0.144367837,12864,4079775,0.875391509,0.292950775,0.029698618,0.77016231
384,NRM,,0.040768425,8751,300757,0.594336049,20855,4077236,0.41354647,0.954240955,0.878651834,0.378297644
385,BLK,,0.974066251,8855,304731,0.475791863,69362,4083136,0.059391349,0.008553088,0.004717978,0.048917618
386,NRM,,0.350488234,3088,305071,0.073852096,68678,4043818,0.155732743,0.215757577,0.701636989,0.993098418
387,NRM,,0.895139937,4074,302051,0.26489227,65691,4045763,0.053128642,0.843051204,0.662150127,0.612816264
388,NRM,,0.284198768,4864,302286,0.030346113,32992,4048453,0.204675996,0.57535271,0.039406147,0.591339579
389,NRM,Parent,0.366998412,1764,309094,0.028730983,67059,4003415,0.057425851,0.343651447,0.522765603,0.917852548
390,DUP,389,0.128753332,2516,306459,0.641047576,97924,4025208,0.084166541,0.517177168,0.812691253,0.370463274
391,NRM,,0.508663096,2245,300097,0.692248458,17786,4078865,0.613134877,0.274303898,0.075145781,0.855468122
392,NRM,,0.407738562,5127,300856,0.456129862,28476,4002178,0.212836484,0.750816876,0.193604401,0.557753561
393,NRM,,0.584852517,7628,302021,0.543354604,55326,4088666,0.424424115,0.566127739,0.087747111,0.356422105
394,NRM,,0.470162974,7657,304096,0.924638539,00566,4098288,0.094605302,0.865664507,0.870860269,0.711071555
395,CRM,,0.161226247,6333,302731,0.707140418,57491,4091763,0.36911596,0.231286894,0.272851139,0.566821955
396,NRM,,0.361297217,7269,308955,0.189902748,58585,4068669,0.234398072,0.991182179,0.138863794,0.298389687
397,NRM,,0.729798463,8773,308111,0.933211324,19526,4014988,0.679557514,0.577202201,0.58089026,0.441904453
398,NRM,,0.408456486,0856,303891,0.247492926,18562,4010214,0.696078914,0.15587067,0.794799805,0.529206957
399,NRM,,0.458141196,8759,308348,0.132469393,10959,4010228,0.567536362,0.927698397,0.720480263,0.970413699
400,BLK,,0.035996807,2673,308773,0.857768622,25347,4040272,0.005096477,0.022939129,0.042342078,0.054674365
401,NRM,,0.373297474,5794,309612,0.153885238,83926,4069557,0.253779226,0.572115365,0.275426016,0.238779593
402,NRM,,0.521627817,3399,303049,0.477647733,90976,4080816,0.85986102,0.885182914,0.11693508,0.709302779
403,NRM,,0.452611451,5365,300348,0.323816763,07184,4032074,0.886735721,0.027629899,0.003322715,0.687319842
404,NRM,Parent,0.970610723,2608,305549,0.255757257,64552,4009376,0.463290645,0.298881071,0.746473219,0.769628788
405,DUP,404,0.786165928,4881,309409,0.31161126,62485,4030461,0.200379439,0.993313785,0.134436037,0.63130342
406,NRM,,0.888981325,4113,305047,0.67804692,23188,4034151,0.314074686,0.04857666,0.735502373,0.094312567
407,NRM,,0.760936861,1093,302899,0.317759621,10781,4054166,0.451811991,0.856697377,0.600766517,0.357203118
408,NRM,,0.01125157,7154,308105,0.572621455,87857,4047193,0.420134171,0.307486116,0.102476773,0.90646994
409,NRM,,0.604876282,5585,305511,0.627130161,91256,4048555,0.93335174,0.408590119,0.375551374,0.296659569
410,CRM,,0.234416564,4207,306516,0.980301568,54326,4001879,0.70926871,0.36902204,0.989662921,0.391556496
411,NRM,,0.537319794,9702,308868,0.061090892,56573,4078725,0.44637944,0.47671539,0.298825849,0.068527113
412,NRM,,0.497217643,1013,307746,0.358084153,53439,4071313,0.385704774,0.512559856,0.160344808,0.728148789
413,NRM,,0.040108754,8604,303775,0.775237218,99936,4037028,0.826636366,0.265791673,0.355466116,0.945814786
414,NRM,,0.229356088,3705,300056,0.643351021,08527,4095432,0.220246428,0.601008862,0.973319961,0.500866205
415,BLK,,0.28832049,2241,309518,0.202487969,51861,4097298,0.011992849,0.040562408,0.017725512,0.022885493
416,NRM,,0.588728747,3296,309446,0.120210894,29234,4002455,0.676322949,0.956945426,0.252255947,0.243986193
417,NRM,,0.636722184,1622,308706,0.695451599,55597,4069428,0.682869384,0.428018646,0.79533336,0.637508371
418,NRM,,0.547186362,7764,308676,0.639233999,16015,4040042,0.64730966,0.491927385,0.588512319,0.069649797
419,NRM,Parent,0.766076163,9625,309633,0.562209591,59558,4091544,0.523439456,0.818154862,0.281857991,0.17550378
420,DUP,419,0.605067013,4487,307084,0.989911711,14774,4085608,0.261243634,0.976037571,0.238765307,0.645976492
421,NRM,,0.881672527,6751,303064,0.087002841,84112,4091849,0.061297533,0.870301633,0.486849986,0.564708296
422,NRM,,0.47801766,9081,308352,0.371940139,34748,4009364,0.434898621,0.503221329,0.764838792,0.173710661
423,NRM,,0.438357952,9434,302451,0.126150587,39146,4026438,0.076514419,0.240112445,0.26022722,0.887134315
424,NRM,,0.487116573,7845,300206,0.601564615,32091,4005987,0.27340357,0.369990463,0.563079484,0.675389302
425,CRM,,0.919799758,5799,308982,0.079886272,63557,4006206,0.703224515,0.33408339,0.933465627,0.150845559
426,NRM,,0.169240336,2261,309327,0.856288718,18061,4042089,0.720387013,0.987966069,0.369437772,0.844225268
427,NRM,,0.37195279,5119,301603,0.915746539,21473,4033289,0.066067798,0.868105313,0.305443211,0.151365354
428,NRM,,0.635487581,8203,305591,0.000463826,00934,4077849,0.461936716,0.133909968,0.834390926,0.04488117
429,NRM,,0.712452734,6452,302638,0.416428474,01347,4028999,0.992531468,0.478777908,0.01499338,0.857012391
430,BLK,,0.229948145,3813,303166,0.578850049,15721,4031031,0.02090527,0.020193699,0.015646014,0.005729988
431,NRM,,0.624393948,0697,306193,0.865187388,22021,4062076,0.192271908,0.202840808,0.324977863,0.159474515
432,NRM,,0.875297993,1147,304219,0.148095836,76622,4061698,0.231060015,0.267628326,0.301807107,0.244545225
433,NRM,,0.593099493,0593,304234,0.860628185,06406,4084563,0.111998436,0.442499853,0.565057214,0.661929894
434,NRM,Parent,0.388524155,4372,305648,0.603499697,65763,4056596,0.46175185,0.623776972,0.25729102,0.650449272
435,DUP,434,0.625340567,3422,303595,0.282183543,63392,4077853,0.875573275,0.182900096,0.532624943,0.806341846
436,NRM,,0.564386611,5758,307924,0.008270757,48589,4007502,0.52523622,0.119902165,0.279673483,0.57477959
437,NRM,,0.497290124,4232,303666,0.741864638,88567,4044855,0.474850243,0.168931897,0.94852926,0.767143866
438,NRM,,0.163786478,4204,303281,0.368523488,12881,4061295,0.92945297,0.194239572,0.130250507,0.870419773
439,NRM,,0.862979809,1696,303758,0.99947981,57814,4033993,0.010132952,0.564306167,0.865313344,0.456127747
440,CRM,,0.642687097,5817,301461,0.084264397,72792,4095191,0.164667165,0.933098849,0.187191554,0.306344844
441,NRM,,0.056139462,5061,305376,0.940340563,45844,4057897,0.673698863,0.66558855,0.43310563,0.337176857
442,NRM,,0.416579302,2374,303562,0.630852219,23206,4095185,0.803051972,0.86230255,0.038337731,0.297425676
443,NRM,,0.67567789,2199,305485,0.589552574,20537,4038415,0.862248108,0.798956298,0.671105629,0.799397565
444,NRM,,0.938155681,2149,305732,0.371716356,41084,4086547,0.773160258,0.956327055,0.431709491,0.761593066
445,BLK,,0.198928767,0847,303554,0.87205106,82651,4011226,0.019619938,0.041279032,0.053747498,0.053195033
446,NRM,,0.143165677,9586,304427,0.915987125,59963,4023318,0.347097236,0.125577552,0.98403472,0.028736626
447,NRM,,0.508376456,2526,309159,0.932533112,73176,4080051,0.018102057,0.514815497,0.891338487,0.575794944
448,NRM,,0.218210467,5604,303407,0.072445761,79854,4059691,0.823282737,0.562916033,0.275926506,0.979035188
449,NRM,Parent,0.151890235,6597,307302,0.842388428,96461,4058363,0.938089585,0.726146418,0.226331029,0.763326255
450,DUP,449,0.866080867,6367,305692,0.613971669,86732,4077078,0.233018335,0.859237422,0.618652807,0.471614911
451,NRM,,0.974043057,4777,305479,0.876476181,37654,4023741,0.18107095,0.659111662,0.739870438,0.471597299
452,NRM,,0.158596538,9707,300206,0.476206588,96383,4094829,0.965210896,0.681582455,0.364769217,0.858668066
453,NRM,,0.309991912,1771,305453,0.19107179,96851,4084283,0.517569888,0.076947233,0.748284308,0.151584788
454,NRM,,0.804402986,3238,302064,0.74710633,56954,4035214,0.996295926,0.229013477,0.404026306,0.969425518
455,CRM,,0.624429097,5068,300666,0.233879299,37638,4090256,0.629340332,0.670721094,0.666350379,0.513027653
456,NRM,,0.857534583,6166,301208,0.950179605,38923,4026147,0.149348585,0.05026918,0.053267233,0.31531971
457,NRM,,0.983276124,2241,305425,0.081601972,74886,4064754,0.700703706,0.300781759,0.16002174,0.396000611
458,NRM,,0.359072547,0526,300543,0.207816173,27514,4095546,0.036823785,0.083313198,0.034600485,0.792311418
459,NRM,,0.212604364,2286,302897,0.311430225,38683,4080036,0.781610276,0.13332819,0.396631615,0.146062513
460,BLK,,0.756354007,3335,301745,0.423219626,55849,4054128,0.031343772,0.007684636,0.046925983,0.039525481
461,NRM,,0.712128521,5624,303292,0.485542278,86505,4015479,0.101450471,0.134262974,0.109634247,0.806184395
462,NRM,,0.361045697,1646,307509,0.469474098,31822,4014894,0.865985359,0.955704877,0.803339061,0.302528248
463,NRM,,0.426867591,1478,303471,0.378751538,44022,4012849,0.658734385,0.819983238,0.292822759,0.762441407
464,NRM,Parent,0.629057956,0986,303273,0.309888225,43714,4091248,0.237252453,0.990492437,0.418873646,0.902952786
465,DUP,464,0.630907915,1201,307691,0.01989176,60514,4005001,0.481486967,0.714955208,0.778578069,0.449403684
466,NRM,,0.746583282,2031,300819,0.689587111,50388,4080086,0.237677653,0.329866026,0.648825929,0.687058627
467,NRM,,0.414091819,5902,307839,0.267830881,06226,4033171,0.042242798,0.382392627,0.630462537,0.052189357
468,NRM,,0.308851907,2064,303639,0.596172407,74695,4026557,0.327290901,0.240901463,0.542991046,0.279116184
469,NRM,,0.352426446,7251,304289,0.755715243,37711,4094652,0.661151748,0.341450075,0.653887178,0.312080257
470,CRM,,0.569938641,6358,306466,0.938478018,79003,4068515,0.115442005,0.591948336,0.997955314,0.30756216
471,NRM,,0.149469088,4551,303187,0.266530018,74863,4014689,0.496385595,0.829173347,0.531758237,0.071172742
472,NRM,,0.947757193,9694,300152,0.259678815,52333,4082256,0.016282015,0.135963037,0.317061546,0.713652584
473,NRM,,0.88059552,8728,304366,0.797991823,26266,4084753,0.204353024,0.528459714,0.710290637,0.577645706
474,NRM,,0.886871505,3639,308004,0.564401838,31109,4008349,0.664772424,0.695198791,0.541725162,0.206296486
475,BLK,,0.790704786,2176,300675,0.904590485,47667,4000992,0.037187845,0.030577175,0.022327037,0.011161233
476,NRM,,0.597304559,9933,308905,0.898537367,43427,4093031,0.521646705,0.653697149,0.867542773,0.902596895
477,NRM,,0.668197496,8069,308825,0.469277463,29315,4024678,0.575221246,0.59728265,0.360980631,0.570675786
478,NRM,,0.448866432,4411,307006,0.491810082,58059,4043906,0.037065959,0.584250551,0.106118291,0.515109321
479,NRM,Parent,0.548858194,2935,301721,0.62431731,89896,4002341,0.624817122,0.415599412,0.175112258,0.93736833
480,DUP,479,0.022176952,5521,300271,0.215060365,97339,4016775,0.593060244,0.548356727,0.404957913,0.943412775
481,NRM,,0.694321192,9422,306551,0.82034862,81548,4039978,0.068954104,0.039555362,0.080710896,0.740780269
482,NRM,,0.094862548,1387,304844,0.649910123,15185,4088028,0.280122769,0.497117042,0.570934655,0.54516061
483,NRM,,0.543482154,9288,300224,0.593569841,13158,4003241,0.558579537,0.629679717,0.696566702,0.732755249
484,NRM,,0.631363943,2469,307561,0.8631407,37356,4042018,0.081515054,0.418313027,0.87815946,0.736287012
485,CRM,,0.604187349,5668,303483,0.968902614,83674,4044638,0.871356015,0.007828758,0.103604806,0.244856315
486,NRM,,0.999913243,5726,308639,0.481338708,60074,4092724,0.629286701,0.088268963,0.429099479,0.302320155
487,NRM,,0.015981079,9637,305246,0.867881308,15123,4084506,0.252038735,0.298508247,0.704694681,0.092876492
488,NRM,,0.642739926,5449,301437,0.817168378,56892,4017903,0.824167519,0.951647732,0.719365784,0.445094326
489,NRM,,0.865463573,0671,307308,0.975294971,34333,4017746,0.729269412,0.287781337,0.356544824,0.944636186
490,BLK,,0.902211552,1676,302209,0.920366366,73371,4038502,0.050249863,0.035857662,0.056350899,0.004129227
491,NRM,,0.982154003,3679,307933,0.941400553,81947,4018543,0.678585842,0.436281103,0.488305254,0.830814713
492,NRM,,0.819556796,5302,308857,0.40691337,35255,4099478,0.465518751,0.008572072,0.991792676,0.333854769
493,NRM,,0.021017806,8337,300933,0.418101102,21379,4006771,0.413920086,0.566058953,0.140405585,0.158834918
494,NRM,Parent,0.302481273,9383,302579,0.104901376,29231,4041308,0.746176409,0.121512537,0.329423291,0.543277768
495,DUP,494,0.803625125,0306,301954,0.367734423,35499,4087838,0.747913414,0.616540483,0.432126458,0.201082902
496,NRM,,0.32008776,1079,305129,0.582817557,76191,4070813,0.966861092,0.823571038,0.570019497,0.133397479
497,NRM,,0.479120502,4431,305736,0.007054152,33564,4021149,0.365021552,0.202026662,0.054697259,0.688780539
498,NRM,,0.06699254,6785,304725,0.2831068,25565,4027064,0.667205337,0.780107241,0.695744717,0.807564666
499,NRM,,0.467236886,1002,308567,0.561506283,15028,4060545,0.22933527,0.164796968,0.784260717,0.388817436
500,CRM,,0.390942624,0521,308954,0.222963273,22692,4051237,0.604231173,0.450933426,0.529555482,0.92355893
501,NRM,,0.208779225,7144,309993,0.569445717,01159,4016472,0.468871222,0.717017053,0.368272796,0.169034061
502,NRM,,0.227067277,1009,308848,0.762068603,80509,4041704,0.892458275,0.714463659,0.895054232,0.822977765
503,NRM,,0.18068722,2353,302864,0.295943545,69949,4041492,0.016355953,0.689316393,0.659683408,0.787912125
504,NRM,,0.450887029,1645,304468,0.1694415,39411,4022049,0.036781923,0.428894202,0.481552051,0.852526025
505,BLK,,0.85683697,9532,308513,0.088710761,42768,4064463,0.002132405,0.034860437,0.019560094,0.032445883
506,NRM,,0.31018614,2344,306942,0.323307285,36814,4048999,0.686718321,0.579099368,0.629624238,0.825190218
507,NRM,,0.520620988,1107,304544,0.699186028,08976,4035091,0.893807736,0.583595761,0.715294463,0.189605376
508,NRM,,0.842460444,4781,301266,0.407219101,67173,4040825,0.174183302,0.993139988,0.474030929,0.579497595
509,NRM,Parent,0.708427941,3805,300971,0.480233268,97058,4044797,0.638367941,0.296209287,0.271455174,0.667574328
510,DUP,509,0.263087881,6558,301546,0.992404803,31789,4041404,0.289600736,0.194265572,0.94172842,0.199120521
511,NRM,,0.836114103,4457,309176,0.815278114,78391,4083852,0.962502256,0.869636438,0.484890595,0.706801631
512,NRM,,0.779857092,4106,304249,0.89416603,24773,4013842,0.155628429,0.709453001,0.642384812,0.106187729
513,NRM,,0.404248279,2562,303105,0.406116971,41914,4005688,0.053155712,0.483810575,0.343175973,0.012593474
514,NRM,,0.239785603,8198,303029,0.462065197,22607,4031014,0.185162312,0.295951735,0.475671133,0.181473499
515,CRM,,0.018709699,2988,304255,0.358765312,94688,4062539,0.859777827,0.86366042,0.936412092,0.169856127
516,NRM,,0.736550601,0093,308652,0.228814653,40203,4063727,0.270804243,0.507697621,0.302749982,0.892121112
517,NRM,,0.741151929,2647,302142,0.669044817,67628,4050085,0.61083418,0.984964358,0.963732734,0.241623891
518,NRM,,0.802078045,3068,309398,0.34239501,08299,4014098,0.1366565,0.881104076,0.587920788,0.58175418
519,NRM,,0.675867698,3299,309324,0.687183803,02521,4054753,0.17706167,0.274948713,0.075683222,0.887275605
520,BLK,,0.294588174,7622,307869,0.376581545,96742,4013067,0.028673518,0.001385512,0.050103301,0.009551083
521,NRM,,0.534643592,0838,306364,0.727237957,77367,4011002,0.319339656,0.553938037,0.407363368,0.820825184
522,NRM,,0.59797118,9887,303102,0.65642711,19301,4088157,0.290446771,0.822673282,0.519838596,0.721785182
523,NRM,,0.194987587,8386,308557,0.104167269,83369,4058501,0.86337857,0.395830083,0.965557739,0.589121651
524,NRM,Parent,0.995095516,0123,305653,0.385368365,41925,4056527,0.45644469,0.348061474,0.923347164,0.585886603
525,DUP,524,0.047766495,0841,304037,0.310597934,30171,4077748,0.969115887,0.382091485,0.475423346,0.373444928
526,NRM,,0.824329643,0234,307638,0.687439779,63644,4037545,0.164111174,0.709778762,0.853128885,0.738345135
527,NRM,,0.516966571,3105,304727,0.613239984,44361,4015952,0.518872311,0.612629315,0.293670597,0.620333981
528,NRM,,0.77600237,0622,308618,0.909748538,51535,4037894,0.872807733,0.167779154,0.655407654,0.770773626
529,NRM,,0.681417102,1433,309094,0.457576134,90185,4022191,0.104750227,0.49588861,0.709614123,0.269279077
530,CRM,,0.86435919,8921,305022,0.856633952,64058,4065882,0.392571204,0.191273487,0.231522222,0.508010664
531,NRM,,0.350682989,6008,302382,0.065015494,05089,4002832,0.747109479,0.868291643,0.584269868,0.526160171
532,NRM,,0.09917585,0228,308615,0.677761219,41354,4000084,0.708112535,0.494351027,0.158012296,0.080990854
533,NRM,,0.560169153,2388,304567,0.750151606,41655,4091371,0.300235648,0.255140264,0.205178231,0.039705959
534,NRM,,0.301498845,0998,306594,0.326548249,69297,4050543,0.044375793,0.643449738,0.365790164,0.797172528
535,BLK,,0.185417387,9795,306107,0.677318887,61644,4004796,0.029601015,0.016812975,0.010246615,0.011891467
536,NRM,,0.489815383,6999,303262,0.830904378,61847,4081786,0.162821694,0.493380793,0.234702105,0.089091851
537,NRM,,0.435820782,2925,300789,0.81249647,46441,4013654,0.189974637,0.434228035,0.878861207,0.98052962
538,NRM,,0.306564554,5799,306906,0.153413705,49336,4088157,0.471477488,0.788000023,0.515898116,0.575878551
539,NRM,Parent,0.168681826,3362,307356,0.064261168,95976,4069349,0.288471808,0.240460211,0.228842764,0.046298654
540,DUP,539,0.269642662,0309,302058,0.971205821,50545,4030315,0.736633791,0.570817035,0.364442189,0.821918452
541,NRM,,0.1500085,8196,301979,0.619311121,52187,4010976,0.547029019,0.551796216,0.93928024,0.838640138
542,NRM,,0.843316525,2083,301923,0.034125887,10025,4013338,0.659791119,0.868069192,0.957045445,0.333094136
543,NRM,,0.289563171,0967,305716,0.186504652,09942,4039079,0.901359557,0.624750675,0.86809074,0.671030482
544,NRM,,0.899001196,1836,303353,0.111585807,68645,4050395,0.164022852,0.47849017,0.66073564,0.490153546
545,CRM,,0.543533563,5339,300745,0.528824953,07514,4054331,0.351523987,0.853757242,0.000244016,0.010430025
546,NRM,,0.130296469,3675,305801,0.383641384,24836,4038627,0.348833129,0.308757497,0.960553821,0.677050521
547,NRM,,0.903330094,6081,304209,0.235600969,13935,4079594,0.99124396,0.687319521,0.778337648,0.679491882
548,NRM,,0.881832143,8746,303372,0.321130666,04765,4093585,0.578981181,0.179948033,0.702451362,0.363742244
549,NRM,,0.100867886,3811,301884,0.976181136,42648,4025314,0.271184125,0.704571398,0.505193595,0.446815195
550,BLK,,0.080906379,8374,309583,0.540133854,74243,4092407,0.044354179,0.007550082,0.050659071,0.023264568
551,NRM,,0.017992116,9795,307692,0.788976056,38444,4084187,0.755847804,0.771349626,0.245985432,0.745868644
552,NRM,,0.538626533,2947,303974,0.064017724,57318,4002686,0.130257754,0.700197045,0.889084092,0.297470908
553,NRM,,0.405551868,0993,303077,0.723412013,64345,4055838,0.514994467,0.73267884,0.503984785,0.492191413
554,NRM,Parent,0.098890401,3985,308192,0.480344,74388,4022148,0.66146839,0.838439897,0.123459287,0.335816171
555,DUP,554,0.416336368,8101,305777,0.196633035,79435,4029064,0.134085069,0.373901622,0.253054405,0.695752122
556,NRM,,0.690269612,2799,309795,0.38479565,33564,4019474,0.363852818,0.929922264,0.004187851,0.911695448
557,NRM,,0.928360529,9578,305961,0.037911526,32253,4099867,0.479809257,0.983586478,0.803269276,0.057635648
558,NRM,,0.890232834,2698,300424,0.830073811,19267,4004401,0.259668333,0.737624583,0.360726152,0.202808782
559,NRM,,0.011735629,3728,304659,0.806596227,45802,4093401,0.62343337,0.222212228,0.805332732,0.390164819
560,CRM,,0.394135779,6067,300664,0.585960194,06933,4032169,0.075874477,0.635265358,0.80765119,0.2398653
561,NRM,,0.834031906,5575,303482,0.930586934,72186,4053027,0.293354599,0.118878117,0.729252679,0.872300836
562,NRM,,0.460491268,6374,304399,0.565697968,09599,4039771,0.155566545,0.097097769,0.209921143,0.167402859
563,NRM,,0.635177303,1282,306197,0.497815813,68899,4059807,0.302499565,0.542707174,0.776731748,0.807295349
564,NRM,,0.403361802,1069,300166,0.533888364,72455,4004704,0.553543775,0.799173184,0.135315527,0.515148731
565,BLK,,0.13286832,8574,308912,0.526764892,41593,4045902,0.058155947,0.055177968,0.053714339,0.037819464
566,NRM,,0.324794353,8659,304209,0.62349106,33802,4030992,0.673486359,0.662298663,0.090198137,0.947026784
567,NRM,,0.527726459,7872,307586,0.926112055,36125,4058683,0.023435035,0.414996042,0.545469269,0.559692081
568,NRM,,0.79012202,7404,309602,0.684045255,19922,4011653,0.324646137,0.570352514,0.08815949,0.1546494
569,NRM,Parent,0.681653711,9151,306618,0.085821686,80398,4071021,0.965773453,0.727332159,0.689902926,0.036119279
570,DUP,569,0.573601675,5342,307139,0.479869014,22533,4026204,0.105888638,0.360871534,0.241697679,0.014155658
571,NRM,,0.510401171,7783,308008,0.491328871,09326,4060674,0.073162836,0.567837261,0.440818026,0.467291082
572,NRM,,0.815099877,1604,308204,0.169982478,87325,4019781,0.886996043,0.323035454,0.252997172,0.020106911
573,NRM,,0.580084207,0089,304459,0.495152652,92495,4056169,0.989738041,0.817776403,0.216841548,0.07357467
574,NRM,,0.188489873,7931,304271,0.072901556,04622,4022756,0.333265607,0.010464315,0.537744405,0.982342699
575,CRM,,0.554787561,7984,306916,0.167282605,53324,4055103,0.673968632,0.523721829,0.197206697,0.732442311
576,NRM,,0.707315354,2414,308544,0.222048039,20414,4089494,0.314294556,0.003399153,0.547945869,0.512425372
577,NRM,,0.061480956,9549,303029,0.409795469,38839,4043343,0.313860238,0.736417032,0.407765029,0.75227822
578,NRM,,0.504349924,7796,302927,0.591290794,12327,4086017,0.247264405,0.358600777,0.110502571,0.482119644
579,NRM,,0.882702239,8648,302485,0.320319725,03718,4025738,0.134606264,0.769388323,0.803793845,0.312997468
580,BLK,,0.061988172,7617,302515,0.167272459,57082,4072781,0.014279307,0.051172616,0.039461541,0.047012436
581,NRM,,0.451853688,6219,309915,0.094233772,91071,4015833,0.03361034,0.491802913,0.386475609,0.200703684
582,NRM,,0.381140318,1291,302748,0.00033578,56923,4095532,0.865984655,0.692747991,0.3635049,0.214453978
583,NRM,,0.607598812,7655,300565,0.338684866,97688,4072968,0.776073447,0.551549992,0.644297171,0.463085806
584,NRM,Parent,0.428136655,9975,308153,0.49398102,87528,4032491,0.357388159,0.268048184,0.947488297,0.40662771
585,DUP,584,0.642344104,7697,302071,0.422831623,25291,4005662,0.863802092,0.516181911,0.389247464,0.441914984
586,NRM,,0.790509986,3665,306203,0.858687262,10295,4068041,0.703667451,0.919106502,0.309914411,0.586852282
587,NRM,,0.078962786,3071,306042,0.903009476,06436,4071371,0.686160267,0.247533619,0.478251504,0.126274648
588,NRM,,0.596591031,1638,307384,0.535009452,27613,4086426,0.485028853,0.647700518,0.979350833,0.741981201
589,NRM,,0.267095193,1856,300674,0.949137459,44377,4017597,0.606813023,0.024010896,0.048775717,0.357546028
590,CRM,,0.93591716,2793,309217,0.314972123,62687,4096209,0.840355076,0.756262233,0.504275257,0.467400547
591,NRM,,0.091972754,5399,300859,0.331223139,33593,4019488,0.917759502,0.134419326,0.634785355,0.062727389
592,NRM,,0.942780951,2349,308446,0.643129916,75326,4044962,0.07070779,0.219298825,0.800983369,0.471583868
593,NRM,,0.482805845,4889,301411,0.070782717,66944,4058452,0.236043399,0.93578581,0.446499272,0.971340032
594,NRM,,0.716994142,7781,309586,0.310329024,82331,4086459,0.847927242,0.954622543,0.074508321,0.595618559
595,BLK,,0.643461904,4958,306687,0.46698557,60838,4064953,0.032772385,0.014318117,0.028472994,0.019592688
596,NRM,,0.365986385,0241,300027,0.653495606,04217,4091522,0.728900207,0.196624502,0.102767752,0.897024488
597,NRM,,0.234871381,3482,308811,0.81762645,53871,4010669,0.55627175,0.816089705,0.718773241,0.395524093
598,NRM,,0.519437734,5121,309608,0.604352573,08877,4034414,0.213185377,0.075743287,0.470139087,0.421410097
599,NRM,Parent,0.352514148,2154,301521,0.461893328,21418,4039897,0.46449167,0.719981037,0.976015287,0.816878
600,DUP,599,0.561194269,3278,308822,0.267322631,25087,4084482,0.983852509,0.061693083,0.947738576,0.241383516
601,NRM,,0.146590094,7727,307684,0.575427811,91045,4094842,0.222039128,0.758453883,0.23565803,0.378141934
602,NRM,,0.035297521,3898,303891,0.622192529,57543,4051597,0.753481006,0.12048536,0.539568899,0.211902815
603,NRM,,0.003076657,1793,303303,0.732298039,62177,4039606,0.556114444,0.899560431,0.565283238,0.111955193
604,NRM,,0.186468153,1739,301087,0.789002868,47144,4056394,0.161174642,0.222076585,0.220549362,0.445990434
605,CRM,,0.804431821,8463,305276,0.872469618,08903,4085342,0.008644005,0.848090103,0.729214753,0.126811145
606,NRM,,0.189429225,2414,300525,0.51848474,91969,4048098,0.000923323,0.544600944,0.784632624,0.658228958
607,NRM,,0.397539113,5165,305583,0.661800931,00893,4050118,0.78272179,0.143118569,0.945765879,0.654458025
608,NRM,,0.404430331,9477,304304,0.294871319,29881,4080848,0.470800045,0.370330387,0.499533156,0.066084474
609,NRM,,0.786471676,3202,301411,0.679371081,95638,4056186,0.174166597,0.437507117,0.085738597,0.017151593
610,BLK,,0.845955997,8718,304127,0.598048425,27118,4029122,0.043055555,0.059387299,0.050632273,0.026993491
611,NRM,,0.256969316,4208,304366,0.692064699,02674,4089632,0.240814631,0.144598045,0.904833291,0.062930967
612,NRM,,0.040084449,7983,307637,0.520621358,17839,4018086,0.772238476,0.751587964,0.001594565,0.067410466
613,NRM,,0.846553824,7556,300898,0.070404858,91686,4076924,0.680648643,0.074288613,0.243249867,0.374812495
614,NRM,Parent,0.708432115,4545,305492,0.755195133,49702,4059222,0.823484086,0.120460101,0.854602121,0.440821807
615,DUP,614,0.261044653,0451,308631,0.279940112,22075,4061856,0.429095924,0.160976138,0.464504278,0.930165832
616,NRM,,0.806526271,4384,307618,0.561000634,33741,4093238,0.087179185,0.393182335,0.329193143,0.191139667
617,NRM,,0.932599168,6818,309979,0.473315548,97465,4035012,0.552898712,0.730476435,0.92216766,0.698865288
618,NRM,,0.566769677,6868,306715,0.623208782,14306,4074452,0.809343133,0.166341977,0.678861586,0.123825118
619,NRM,,0.965514821,6503,303535,0.331055375,58692,4070465,0.690757733,0.050567855,0.949929693,0.331300205
620,CRM,,0.61457126,6071,305224,0.595460382,48948,4038482,0.112167495,0.521250501,0.572544983,0.098414826
621,NRM,,0.742033893,7874,304365,0.179178823,16213,4074495,0.074273003,0.339680583,0.840427709,0.077224121
622,NRM,,0.6922846,5658,305866,0.018178136,78925,4057575,0.469404042,0.498951107,0.562046994,0.699230774
623,NRM,,0.087193197,2538,306379,0.527660711,82772,4099503,0.587036226,0.725400765,0.795913463,0.492346045
624,NRM,,0.669510116,3414,300227,0.200465722,62867,4062874,0.177193784,0.829893935,0.518977213,0.414553317
625,BLK,,0.46189528,0695,301797,0.325685009,58577,4000623,0.050515435,0.051474117,0.036808515,0.038585693
626,NRM,,0.090787754,9991,308337,0.230503068,41172,4051939,0.153301338,0.815572184,0.032816604,0.437292612
627,NRM,,0.967455951,7933,305298,0.819170275,46603,4039044,0.778379189,0.984274019,0.734064199,0.760041634
628,NRM,,0.663154869,5762,300704,0.238422545,54446,4069209,0.594608604,0.640892994,0.958504297,0.140534635
629,NRM,Parent,0.641381883,0489,301552,0.928782007,99371,4093323,0.667665581,0.531466741,0.958787367,0.058352335
630,DUP,629,0.78525247,9775,307442,0.413118214,96513,4039253,0.629356508,0.850842642,0.91001126,0.169564695
631,NRM,,0.930513014,6932,306466,0.442796045,43635,4063311,0.73055681,0.946446463,0.518553538,0.167023741
632,NRM,,0.302405137,4588,303794,0.478506775,10302,4010917,0.344565925,0.872161457,0.777262359,0.974404049
633,NRM,,0.830142057,3612,304815,0.03037677,73502,4008242,0.569891409,0.23019845,0.810889753,0.448204473
634,NRM,,0.903178015,0845,309652,0.5927768,19249,4087567,0.012811475,0.837568381,0.685084775,0.362349022
635,CRM,,0.798574766,7971,304864,0.826147552,77532,4045502,0.810644873,0.22879097,0.763985683,0.598772885
636,NRM,,0.245434592,5927,304042,0.358493203,53612,4054594,0.402807936,0.04263938,0.39691212,0.666429245
637,NRM,,0.558077752,5393,301355,0.392279308,46285,4012443,0.916193407,0.090171256,0.188806273,0.292420461
638,NRM,,0.580353428,3486,305762,0.77274848,30975,4050716,0.063879116,0.462371854,0.505046327,0.788045757
639,NRM,,0.719551644,9379,304948,0.276781269,53919,4074408,0.909100706,0.821377123,0.902864076,0.452530392
640,BLK,,0.878389105,3628,305349,0.367632518,96421,4096145,0.050173766,0.006094592,0.02095641,0.032635403
641,NRM,,0.102827708,7823,300606,0.970727677,06308,4059676,0.775429252,0.494678481,0.96848251,0.448841462
642,NRM,,0.028366958,3264,301255,0.935132631,31227,4035421,0.388505896,0.604698754,0.247286897,0.749537089
643,NRM,,0.500478885,1074,301406,0.795093314,67779,4085796,0.839090535,0.671863777,0.965464762,0.624799567
644,NRM,Parent,0.930946676,0209,304375,0.358595544,19785,4010401,0.61782988,0.736009639,0.349730185,0.504079378
645,DUP,644,0.775772534,7753,305984,0.427338963,69154,4087051,0.170709469,0.589633214,0.055688943,0.797411537
646,NRM,,0.190327389,9341,306571,0.746821347,28904,4096528,0.940800814,0.63632959,0.060520079,0.160040469
647,NRM,,0.589146354,8522,303816,0.809602814,60253,4045399,0.92251638,0.738040293,0.323374127,0.714836397
648,NRM,,0.733530777,3607,306412,0.084447956,85035,4038451,0.51283664,0.84099636,0.298990119,0.794356637
649,NRM,,0.78939042,3907,304646,0.153168443,21686,4058556,0.153595521,0.236883321,0.576391188,0.471829633
650,CRM,,0.349354438,1906,302431,0.030426046,59261,4022731,0.605512681,0.582727846,0.21225136,0.699789256
651,NRM,,0.305796519,0554,304545,0.732420583,26148,4027029,0.943168125,0.198847379,0.373458393,0.805262755
652,NRM,,0.240295183,6984,301617,0.087873475,36983,4067522,0.945310905,0.934700933,0.52301165,0.662879279
653,NRM,,0.563576046,8896,303138,0.014712101,28635,4048988,0.982306253,0.748387074,0.329957208,0.840705253
654,NRM,,0.265041084,9803,307956,0.939857292,12862,4049576,0.252434782,0.091358034,0.156150384,0.842524386
655,BLK,,0.473057533,1182,301766,0.471805529,30986,4003693,0.027466484,0.009942775,0.031086227,0.035911816
656,NRM,,0.914653319,1244,308336,0.14572845,78414,4030124,0.48545789,0.806546824,0.02922609,0.077789713
657,NRM,,0.514580265,8495,301751,0.747643876,37297,4023906,0.220774737,0.534497144,0.232715731,0.129074115
658,NRM,,0.9636735,5024,309988,0.471357413,85667,4041396,0.761834175,0.90039156,0.158689852,0.918209306
659,NRM,Parent,0.022649907,1758,304013,0.594458909,85211,4063708,0.538753778,0.774565701,0.995067807,0.576487846
660,DUP,659,0.946490357,2704,307274,0.072251563,57408,4090734,0.88085063,0.072143297,0.158965904,0.65533959
661,NRM,,0.222103261,3741,308284,0.501556163,88709,4085379,0.405878969,0.069445133,0.690565679,0.031068739
662,NRM,,0.749740945,2001,308371,0.692000864,45491,4091276,0.340808363,0.569725574,0.867235573,0.499725551
663,NRM,,0.731576367,2148,307891,0.382583091,45981,4094241,0.215306894,0.043389677,0.77373657,0.972307487
664,NRM,,0.819136448,2403,302024,0.524098486,19258,4077345,0.539142659,0.010980296,0.519352215,0.712460691
665,CRM,,0.389814299,2587,309797,0.852938491,48094,4020679,0.015444196,0.935745536,0.469442173,0.614533018
666,NRM,,0.911218282,9201,300707,0.564682553,21845,4073738,0.104099098,0.598386111,0.919729546,0.218311866
667,NRM,,0.98198592,2101,302934,0.468287203,56821,4019896,0.110980357,0.028915395,0.135281415,0.236335213
668,NRM,,0.63592133,3447,300236,0.389622988,77708,4075067,0.777510945,0.476954865,0.840807217,0.628869211
669,NRM,,0.812656012,9462,308299,0.873823921,63657,4061035,0.967207573,0.342141666,0.516611203,0.373680841
670,BLK,,0.325727992,1435,309476,0.094020417,96536,4023312,0.040224689,0.044682788,0.03587961,0.013895436
671,NRM,,0.393144477,5217,300442,0.901783381,02473,4070205,0.176564926,0.326629029,0.605378291,0.999582142
672,NRM,,0.095145044,9218,304259,0.471446238,72027,4039471,0.211409992,0.110519653,0.217720121,0.049515364
673,NRM,,0.116828891,8624,306072,0.107645998,67911,4075769,0.18795509,0.415497604,0.440700782,0.033279919
674,NRM,Parent,0.76108034,5971,304698,0.717222801,92091,4079016,0.215708022,0.063979643,0.33292616,0.396783237
675,DUP,674,0.700975881,7495,300291,0.049913933,14676,4024004,0.100189994,0.625944169,0.169050144,0.904572898
676,NRM,,0.753659066,6942,301165,0.528450132,28338,4065274,0.336237964,0.876803486,0.320461669,0.906455532
677,NRM,,0.29169254,7671,302952,0.682279765,59794,4020872,0.827265271,0.512422376,0.298833301,0.460959717
678,NRM,,0.535936926,4882,306616,0.52095235,82022,4045794,0.061705715,0.650424274,0.639217864,0.987771893
679,NRM,,0.198864558,5804,303714,0.291017327,20472,4021968,0.851388587,0.861247496,0.090532114,0.500959854
680,CRM,,0.10910338,8112,308745,0.546810173,10985,4051799,0.806845692,0.180369112,0.044216304,0.099627995
681,NRM,,0.923001393,3171,306007,0.546724116,85561,4023856,0.046292507,0.640094158,0.993073607,0.190686455
682,NRM,,0.993136468,9762,304796,0.015486485,20542,4093882,0.043724474,0.534366516,0.801390962,0.954593931
683,NRM,,0.209730001,9262,306409,0.332602677,12534,4027304,0.87573391,0.514928124,0.16937572,0.135831269
684,NRM,,0.660284334,4111,305979,0.87638657,80537,4087466,0.944646077,0.574874739,0.623748502,0.396517024
685,BLK,,0.879120142,7928,306793,0.334878113,31351,4024359,0.01742483,0.003246054,0.038854299,0.039215705
686,NRM,,0.086890168,2136,307837,0.557993338,81718,4072506,0.534475013,0.262042522,0.431874618,0.813735197
687,NRM,,0.05984601,5458,308727,0.93815407,54646,4094378,0.370826372,0.549616452,0.775848339,0.115056357
688,NRM,,0.150505354,9384,307723,0.996004592,96985,4007887,0.203035316,0.556704235,0.307834186,0.517299448
689,NRM,Parent,0.784986737,8832,305045,0.130867372,04588,4023024,0.477809277,0.935753075,0.423659344,0.549325476
690,DUP,689,0.547913022,4624,301363,0.493733278,08523,4077022,0.125814266,0.137966602,0.567903222,0.247112094
691,NRM,,0.732739246,2648,307676,0.014843719,18096,4063806,0.618037963,0.184018389,0.691091831,0.325757328
692,NRM,,0.936507508,5874,307439,0.396249185,30983,4041407,0.189096563,0.816777465,0.86450089,0.571686307
693,NRM,,0.653698071,3755,309422,0.92072676,85552,4023526,0.521604138,0.053869603,0.533607469,0.189561258
694,NRM,,0.376302784,2469,304196,0.701394645,29973,4082284,0.810054296,0.726943952,0.636093636,0.600690419
695,CRM,,0.280687852,7776,303736,0.295765442,92297,4026849,0.820805626,0.55733605,0.707680396,0.707704336
696,NRM,,0.564872881,9072,307539,0.524864876,50668,4081204,0.656639544,0.344253534,0.877474977,0.730103612
697,NRM,,0.79908573,6598,300248,0.979612707,50546,4008625,0.97207892,0.476332975,0.423663221,0.25850861
698,NRM,,0.121884275,0826,301287,0.63706801,82314,4056399,0.772887533,0.657032593,0.68188237,0.361605476
699,NRM,,0.393387505,1087,301518,0.017012619,22952,4008992,0.609252268,0.711376515,0.307971557,0.387645396
700,BLK,,0.965286831,3204,303473,0.65545742,47748,4071911,0.038867725,0.031558578,0.039327915,0.006791163
701,NRM,,0.131660061,8238,304504,0.211879424,30099,4079317,0.562890534,0.425029528,0.219231516,0.761440372
702,NRM,,0.363471326,2239,303423,0.438231912,92696,4066739,0.704059173,0.905439634,0.783240694,0.294205571
703,NRM,,0.691035613,7149,302357,0.319572113,05922,4088572,0.085899111,0.981129264,0.162339398,0.140868118
704,NRM,Parent,0.035245144,5199,305103,0.227863811,45878,4022459,0.107419979,0.054091456,0.901704028,0.116099985
705,DUP,704,0.271611802,2728,301575,0.666918939,92359,4050692,0.125559763,0.047368207,0.498629683,0.468372957
706,NRM,,0.400533187,9716,303958,0.9307074,66957,4013388,0.796636429,0.704265526,0.691984383,0.637107961
707,NRM,,0.848497987,1609,307008,0.942082247,96063,4051142,0.553632001,0.426252806,0.702217274,0.571863519
708,NRM,,0.998849056,1072,300683,0.876631399,08808,4037557,0.242996278,0.853646434,0.753403325,0.732864669
709,NRM,,0.510626214,8031,306478,0.600477641,05717,4032903,0.785320249,0.332837452,0.469773935,0.885421619
710,CRM,,0.220337158,1873,307796,0.030673914,16877,4090247,0.258182824,0.649679397,0.295970292,0.831801651
711,NRM,,0.874284584,5818,306693,0.266852204,73765,4006975,0.531320008,0.638001352,0.924798574,0.02457452
712,NRM,,0.539146298,1414,308309,0.949700792,31958,4015611,0.846469158,0.745785561,0.465920639,0.303532936
713,NRM,,0.398860845,5908,309813,0.156683582,40866,4056635,0.113597423,0.767090339,0.46400541,0.556431647
714,NRM,,0.571180523,6509,302587,0.551440569,03288,4079998,0.297091688,0.926282347,0.43655525,0.862341623
715,BLK,,0.981283339,3408,303851,0.993298713,30551,4062839,0.011781736,0.053824167,0.027087045,0.005294292
716,NRM,,0.025464349,6956,301289,0.914833212,58857,4071022,0.416520925,0.449069095,0.792130147,0.31064138
717,NRM,,0.0051678,2266,304092,0.51658165,24204,4063723,0.03220156,0.334855336,0.968940636,0.561345188
718,NRM,,0.617589069,8386,309264,0.106123487,13852,4059112,0.453067886,0.243817047,0.197988621,0.219286166
719,NRM,Parent,0.786082767,8961,300847,0.953106645,82866,4039105,0.970680224,0.809684813,0.479321635,0.440735693
720,DUP,719,0.495363048,4724,301859,0.090526908,26291,4018948,0.041720935,0.699721086,0.265039053,0.466091153
721,NRM,,0.090302617,4385,306614,0.992033478,57107,4075673,0.286780582,0.729758632,0.238105645,0.505455765
722,NRM,,0.913040612,8794,300605,0.581140457,30475,4086491,0.783609659,0.83689799,0.700949974,0.762526667
723,NRM,,0.678462455,9897,309523,0.849293894,12224,4045901,0.887496002,0.629997543,0.792421893,0.49878757
724,NRM,,0.037716532,5689,307878,0.904578421,17463,4012769,0.937307001,0.1260899,0.749599904,0.180779937
725,CRM,,0.698768873,6408,306413,0.056354648,81897,4041274,0.587575773,0.439366901,0.212699774,0.595073514
726,NRM,,0.234706586,6414,308833,0.376876329,42358,4046515,0.000884776,0.07707018,0.061539429,0.609094468
727,NRM,,0.144356584,5922,304668,0.26076604,30747,4060928,0.245742433,0.811388692,0.835478595,0.999806476
728,NRM,,0.292530761,3279,303113,0.95111007,13787,4096001,0.110312367,0.656738647,0.279705895,0.94903097
729,NRM,,0.431002473,9884,308089,0.054826789,48357,4087056,0.626378582,0.258141693,0.187252844,0.244361464
730,BLK,,0.04184354,6925,304813,0.667881439,70091,4078916,0.037495065,0.029533792,0.007852849,0.034833014
731,NRM,,0.127545662,6378,306547,0.004779933,91425,4005019,0.192800822,0.719879354,0.904882418,0.114554385
732,NRM,,0.620847032,2033,309012,0.032668984,00459,4061764,0.487543654,0.139809419,0.461933225,0.94913802
733,NRM,,0.58311849,1773,301464,0.094404218,53197,4024619,0.038769944,0.646776773,0.916059507,0.783594864
734,NRM,Parent,0.639522924,9117,304655,0.588925835,64387,4042812,0.765635878,0.325283288,0.100916617,0.521125531
735,DUP,734,0.799337668,6224,301371,0.59429549,51554,4046972,0.013849552,0.5944276,0.503246886,0.101547531
736,NRM,,0.351489398,3505,300493,0.620628062,50218,4021806,0.450065091,0.806293556,0.567447014,0.678666474
737,NRM,,0.51541749,4112,303686,0.999612271,84283,4040979,0.003705325,0.79710201,0.366332974,0.232283198
738,NRM,,0.936013534,3273,306664,0.156224201,05466,4092609,0.276429027,0.496937901,0.36761256,0.466837259
739,NRM,,0.383517829,5712,303724,0.950136182,21041,4001794,0.897310369,0.125520242,0.654095645,0.483850337
740,CRM,,0.364824101,9275,305479,0.921090889,71173,4067869,0.150948423,0.052859514,0.462580172,0.077024053
741,NRM,,0.317350999,1208,304521,0.284880636,51265,4014951,0.441507593,0.087599875,0.20486285,0.68586724
742,NRM,,0.346878144,1814,301541,0.93337985,24818,4060119,0.34839729,0.967478719,0.736934835,0.4226975
743,NRM,,0.485618715,1423,301494,0.957046505,19597,4019692,0.738097203,0.403377877,0.773321048,0.764053449
744,NRM,,0.401989037,7602,308553,0.042488786,50967,4090451,0.805688164,0.555669606,0.882166859,0.712749398
745,BLK,,0.625932172,6032,304659,0.402110992,78104,4094232,0.01405257,0.053237777,0.053457684,0.055096848
746,NRM,,0.316376157,9061,305572,0.265959764,05524,4057489,0.065999964,0.471045402,0.035202498,0.275215983
747,NRM,,0.040776306,2695,306018,0.51384009,61631,4064408,0.757094221,0.738452812,0.557125816,0.428026441
748,NRM,,0.621307549,0316,304049,0.792224363,71821,4038565,0.557007524,0.084833356,0.135247051,0.651892764
749,NRM,Parent,0.090374571,4717,309697,0.221762637,79846,4003927,0.647370705,0.789567418,0.092237463,0.729339995
750,DUP,749,0.417439057,7006,309607,0.687945892,94035,4012403,0.849526186,0.975325065,0.590592639,0.502514916
751,NRM,,0.635093676,2989,300507,0.693577164,11542,4087545,0.563347402,0.757106932,0.586624484,0.185348231
752,NRM,,0.569172288,8886,308763,0.697876088,31924,4008485,0.525239971,0.751196619,0.33813607,0.770459502
753,NRM,,0.363946267,1133,303296,0.863567721,13407,4009009,0.075549208,0.516148374,0.998545232,0.255262675
754,NRM,,0.326121018,5638,301728,0.240412343,81662,4018247,0.116523141,0.885564634,0.193542812,0.425452074
755,CRM,,0.311262955,0459,306951,0.637782506,04314,4076234,0.391477748,0.99281282,0.277587029,0.411335615
756,NRM,,0.422312974,5534,301089,0.629524456,45238,4070011,0.596066306,0.102155531,0.480761393,0.906116809
757,NRM,,0.583143911,2934,306778,0.657618511,35413,4018975,0.192308523,0.310227506,0.696796291,0.644178223
758,NRM,,0.906617932,8432,304153,0.83970818,30727,4085777,0.499227535,0.625095202,0.148589027,0.559749644
759,NRM,,0.162903797,9542,305527,0.282685283,54228,4016631,0.823045203,0.63002937,0.98021423,0.606669705
760,BLK,,0.443350916,7967,305049,0.10724665,40083,4085034,0.000862552,0.005780579,0.006902145,0.04835328
761,NRM,,0.760173958,4286,306178,0.885342933,96358,4006614,0.551966087,0.389700662,0.026626836,0.19564635
762,NRM,,0.674395614,1044,308166,0.837870673,09459,4019306,0.448454345,0.544924168,0.10567125,0.081530846
763,NRM,,0.846584028,7513,307556,0.033704315,93437,4055008,0.884760236,0.925928415,0.616887442,0.287242548
764,NRM,Parent,0.503294677,7529,305375,0.37323337,95066,4021484,0.662686935,0.432976091,0.959432041,0.023224619
765,DUP,764,0.665839657,8895,306991,0.630189712,53786,4071073,0.944771152,0.456186201,0.174879509,0.025058107
766,NRM,,0.877804555,1268,307307,0.224248348,25482,4075021,0.834594141,0.947241395,0.734077072,0.16189965
767,NRM,,0.167292453,7344,300491,0.904896879,38318,4095684,0.026028173,0.226137385,0.743166566,0.801508222
768,NRM,,0.50075814,5992,300411,0.637684746,13561,4089884,0.248877625,0.404553918,0.602357913,0.59571237
769,NRM,,0.499083365,2357,304399,0.119942737,41772,4054751,0.766069384,0.031512715,0.824886989,0.637463066
770,CRM,,0.178087378,6692,308285,0.347730091,54999,4074485,0.04261652,0.740546009,0.284835223,0.527945029
771,NRM,,0.876455138,5442,308671,0.221033335,80433,4049736,0.365314584,0.090172962,0.016057218,0.27315219
772,NRM,,0.431737648,2153,307783,0.586334141,36795,4021802,0.466192937,0.046905246,0.70083629,0.345831129
773,NRM,,0.382070021,9076,302437,0.467382427,44618,4025869,0.830665868,0.731090619,0.691085404,0.939524264
774,NRM,,0.876779468,5922,309306,0.149951308,88972,4034944,0.370904027,0.694246035,0.830994294,0.853386154
775,BLK,,0.388614842,6528,306036,0.959500115,79894,4064528,0.054528206,0.007013861,0.011750903,0.030757759
776,NRM,,0.443532748,1942,305386,0.05003868,96716,4029293,0.250169417,0.64934594,0.238736533,0.691520692
777,NRM,,0.491385161,3379,306515,0.745422226,89787,4067564,0.99472019,0.660624955,0.029203682,0.182902054
778,NRM,,0.916439071,2973,302115,0.000619261,91295,4070166,0.817450613,0.533749684,0.063339127,0.829301423
779,NRM,Parent,0.956320019,7068,303456,0.959710243,95959,4066632,0.184104754,0.90093735,0.162089052,0.650213105
780,DUP,779,0.208291519,2841,306265,0.545753536,01816,4047189,0.616924221,0.550167629,0.81698033,0.38512663
781,NRM,,0.035254135,0537,308844,0.994414613,99507,4080529,0.06668846,0.756365225,0.682490095,0.728125165
782,NRM,,0.890642661,4065,300737,0.660551159,49088,4024797,0.264416089,0.959204863,0.923007485,0.595015173
783,NRM,,0.094058515,9222,303081,0.876807426,42284,4083682,0.716399809,0.496764967,0.159852326,0.521046955
784,NRM,,0.448563413,7827,309582,0.026241861,80205,4044581,0.594125884,0.022394964,0.268164145,0.667165388
785,CRM,,0.561620665,8435,301326,0.723085393,87365,4073182,0.487548819,0.85379494,0.041912889,0.691481597
786,NRM,,0.1613639,9873,304014,0.944947945,34468,4026389,0.322499327,0.664452231,0.318180843,0.926138999
787,NRM,,0.061316013,0013,306104,0.777844057,01283,4089507,0.647830593,0.619130186,0.829459296,0.449241162
788,NRM,,0.862966911,0363,304816,0.816668019,01085,4065792,0.634762605,0.066544929,0.714993629,0.338048919
789,NRM,,0.070075319,0389,302744,0.240707431,26805,4055973,0.497726167,0.830719453,0.383977501,0.748436077
790,BLK,,0.421845464,2263,301738,0.653015346,11042,4086348,0.010482226,0.029654737,0.037831974,0.009857682
791,NRM,,0.670660441,1241,307758,0.710849888,84019,4029159,0.002480395,0.859543998,0.93257762,0.104820362
792,NRM,,0.23217784,8031,306346,0.944245195,33971,4040241,0.218307123,0.446751834,0.898281341,0.023083638
793,NRM,,0.914374126,7515,302025,0.953277912,07678,4060342,0.569546176,0.300869832,0.083762259,0.105629109
794,NRM,Parent,0.561233028,3326,303798,0.901084974,04361,4092415,0.443780823,0.772047324,0.759376768,0.20154718
795,DUP,794,0.225475521,0436,308031,0.747010596,54713,4049789,0.336680251,0.999585511,0.667285634,0.880513761
796,NRM,,0.475710754,5971,307165,0.643821586,80215,4037089,0.417833574,0.658454019,0.366335107,0.949629919
797,NRM,,0.176995906,0283,306887,0.812472174,00562,4033652,0.038166715,0.095953962,0.243323718,0.326325198
798,NRM,,0.623772699,0313,300596,0.491612122,83836,4041513,0.39025402,0.752123328,0.100086462,0.44470427
799,NRM,,0.054741683,5645,304683,0.554673606,36504,4019708,0.82360025,0.950780165,0.071562658,0.418392517
800,CRM,,0.723053459,4499,307353,0.80930549,32102,4093187,0.546464969,0.04488963,0.036804091,0.805664413
