Hole number,FDUP,ORG,TiO2 dup,TiO2 org,P dup,P org,V dup,V org
NM21105,D060925,D060924,2.44,2.67,0.112,0.141,0.014,0.016
NM21105,D060945,D060944,2.47,2.38,0.411,0.398,0.018,0.017
NM21105,D060965,D060964,3.3,3.13,0.558,0.518,0.024,0.023
NM21105,D060985,D060984,4.96,4.82,1.19,1.14,0.039,0.037
NM21105,D061005,D061004,2.7,2.84,0.214,0.198,0.016,0.021
NM21105,D061025,D061024,20.8,21,0.024,0.021,0.179,0.184
NM21105,D061045,D061044,18.35,18.65,0.018,0.017,0.148,0.152
NM21105,D061065,D061064,20.2,21.5,0.006,0.005,0.167,0.176
NM21105,D061085,D061084,15.35,13.55,0.044,0.053,0.104,0.094
NM21105,D061105,D061104,3.23,3.14,0.156,0.164,0.015,0.015
NM21105,D061125,D061124,1.61,1.45,0.15,0.174,0.018,0.017
NM21104,D062355,D062354,4.89,4.98,0.041,0.041,0.038,0.04
NM21104,D062375,D062374,4.5,4.6,0.045,0.045,0.036,0.037
NM21104,D062395,D062394,5.81,5.74,0.033,0.032,0.045,0.047
NM21104,D062415,D062414,4.02,3.89,0.049,0.049,0.028,0.026
NM21104,D062435,D062434,4.33,4.42,0.024,0.023,0.035,0.034
NM21104,D062455,D062454,4.07,4.33,0.03,0.029,0.033,0.034
NM21104,D062475,D062474,4.37,4.34,0.031,0.029,0.03,0.029
NM21104,D062495,D062494,2.87,2.87,0.016,0.016,0.025,0.026
NM21104,D062516,D062515,5.66,5.94,0.025,0.025,0.045,0.045
NM21104,D062535,D062534,5.04,4.99,0.038,0.036,0.042,0.042
NM21104,D062555,D062554,6.7,6.75,0.031,0.03,0.049,0.05
NM21104,D062576,D062575,5.31,5.21,0.027,0.029,0.045,0.042
NM21104,D062595,D062594,5.51,5.51,0.028,0.028,0.048,0.049
NM21104,D062615,D062614,5.78,5.65,0.021,0.022,0.049,0.049
NM21104,D062635,D062634,5.02,5.02,0.027,0.027,0.036,0.036
NM21104,D062655,D062654,3.04,3.13,0.03,0.025,0.023,0.023
NM21104,D062675,D062674,5.03,4.92,0.013,0.013,0.041,0.04
NM21104,D062695,D062694,6.75,6.44,1.82,1.82,0.071,0.069
NM21104,D062715,D062714,6.89,6.93,2.17,2.17,0.069,0.069
NM21104,D062735,D062734,7.29,7.31,1.835,1.85,0.074,0.076
NM21104,D062755,D062754,6.62,6.54,1.865,1.815,0.056,0.055
NM21104,D062775,D062774,5.08,5.14,1.865,1.905,0.049,0.05
NM21104,D062794,D062793,5.62,5.66,1.705,1.705,0.058,0.057
NM21104,D062815,D062814,7.09,7.03,1.83,1.82,0.073,0.074
NM21104,D062835,D062834,6.83,6.78,1.91,1.915,0.071,0.071
NM21104,D062855,D062854,6.4,6.38,1.95,1.965,0.064,0.064
NM21104,D062875,D062874,6.48,6.5,1.96,1.955,0.066,0.066
NM21104,D062895,D062894,6.86,6.81,1.73,1.74,0.071,0.071
NM21104,D062915,D062914,4.82,4.6,1.575,1.54,0.049,0.047
NM21104,D062935,D062934,5.81,5.75,1.695,1.725,0.059,0.058
NM21104,D062955,D062954,6.14,6.12,1.905,1.915,0.065,0.063
NM21103,D060686,D060685,5.49,5.83,1.05,1.15,0.024,0.024
NM21103,D060705,D060704,3.5,3.6,0.698,0.695,0.027,0.027
NM21103,D060725,D060724,3.42,3.21,0.201,0.148,0.02,0.018
NM21103,D060745,D060744,2.61,2.9,0.108,0.102,0.021,0.023
NM21103,D060766,D060765,10.3,11.1,0.163,0.166,0.07,0.075
NM21103,D060785,D060784,19.95,19.8,0.072,0.078,0.137,0.131
NM21103,D060805,D060804,23.7,24.3,0.067,0.071,0.148,0.154
NM21103,D060825,D060824,9.95,9.35,0.1,0.107,0.075,0.073
NM21103,D060845,D060844,9.56,9.51,0.178,0.178,0.068,0.067
NM21103,D060866,D060865,12.4,12.75,0.259,0.25,0.06,0.062
NM21103,D060885,D060884,7.66,7.65,0.285,0.285,0.043,0.044
NM21103,D060905,D060904,3.04,2.96,0.708,0.694,0.011,0.01
NM21102,D027755,D027754,5.7,6,0.051,0.049,0.045,0.047
NM21102,D027775,D027774,4.1,4.15,0.04,0.042,0.035,0.035
NM21102,D027795,D027794,4.1,4.03,0.041,0.041,0.035,0.035
NM21102,D027815,D027814,7.42,7.15,2.47,2.39,0.075,0.073
NM21102,D027835,D027834,5.54,5.67,1.955,1.97,0.055,0.055
NM21102,D027855,D027854,6.36,6.33,1.88,1.885,0.063,0.065
NM21102,D027875,D027874,6.42,6.46,1.835,1.85,0.065,0.064
NM21102,D027895,D027894,7.05,7.07,1.755,1.755,0.068,0.068
NM21102,D027915,D027914,6.28,6.28,1.715,1.7,0.059,0.058
NM21102,D027935,D027934,5.27,5.28,0.497,0.501,0.037,0.04
NM21102,D027955,D027956,2.21,2.15,0.026,0.027,0.023,0.023
NM21102,D027975,D027974,3.67,3.69,0.045,0.045,0.013,0.014
NM21102,D027995,D027994,3.51,3.5,0.053,0.052,0.013,0.013
NM21102,D062015,D062014,3.11,3.12,0.051,0.05,0.012,0.012
NM21102,D062035,D062034,3.35,3.32,0.058,0.059,0.012,0.012
NM21102,D062055,D062054,4.77,4.7,0.028,0.029,0.019,0.02
NM21102,D062075,D062074,4.45,4.35,0.035,0.035,0.018,0.017
NM21102,D062094,D062093,5.4,5.47,0.029,0.029,0.022,0.023
NM21102,D062115,D062114,6.46,6.95,0.023,0.023,0.028,0.03
NM21102,D062135,D062134,2.97,3.02,0.021,0.021,0.014,0.015
NM21102,D062156,D062155,4.29,4.11,0.031,0.029,0.017,0.016
NM21102,D062175,D062174,4.62,4.52,0.038,0.036,0.018,0.018
NM21102,D062194,D062193,3.39,3.46,0.03,0.028,0.013,0.014
NM21102,D062215,D062214,3.58,3.58,0.023,0.022,0.014,0.014
NM21102,D062235,D062234,3.44,3.48,0.017,0.017,0.012,0.013
NM21102,D062257,D062256,3.05,3.04,0.017,0.017,0.012,0.012
NM21102,D062275,D062274,3.17,3.1,0.027,0.026,0.012,0.012
NM21102,D062295,D062294,2.93,2.97,0.029,0.03,0.011,0.011
NM21102,D062315,D062314,2.93,2.93,0.032,0.034,0.012,0.012
NM21102,D062335,D062334,2.86,2.77,0.031,0.033,0.011,0.01
NM21101,D060565,D060564,4.43,4.45,0.877,0.919,0.041,0.04
NM21101,D060585,D060584,4.97,4.95,1.195,1.21,0.047,0.048
NM21101,D060605,D060604,5.09,4.93,1.405,1.41,0.048,0.046
NM21101,D060625,D060624,4.08,4.07,1.245,1.245,0.036,0.038
NM21101,D060646,D060645,3.22,3.11,0.015,0.015,0.019,0.018
NM21101,D060665,D060664,1.1,0.67,0.013,0.013,0.007,0.006
NM21100,D029505,D029504,5.04,5.1,0.076,0.075,0.033,0.033
NM21100,D029525,D029524,6.48,6.28,0.056,0.064,0.034,0.034
NM21100,D029545,D029544,10.05,9.93,0.034,0.033,0.045,0.044
NM21100,D029565,D029564,5.22,5.11,0.082,0.084,0.026,0.026
NM21100,D029585,D029584,5.96,5.97,0.074,0.083,0.025,0.025
NM21100,D029605,D029604,6.34,6.33,0.074,0.083,0.026,0.027
NM21100,D029625,D029624,5.78,5.82,0.096,0.096,0.025,0.026
NM21100,D029646,D029645,6.09,6.23,0.09,0.093,0.025,0.026
NM21100,D029665,D029664,4.92,4.83,0.124,0.128,0.022,0.021
NM21100,D029685,D029684,6.21,6.04,0.116,0.121,0.027,0.026
NM21100,D029705,D029704,6.1,6.04,0.185,0.186,0.027,0.027
NM21100,D029725,D029724,7.4,7.66,0.201,0.178,0.032,0.033
NM21100,D029745,D029744,0.11,0.12,0.007,0.008,0.0005,0.001
NM21099,C199875,C199874,4.85,4.87,1.49,1.5,0.047,0.047
NM21099,C199895,C199894,4.44,4.47,1.635,1.675,0.043,0.043
NM21099,C199915,C199914,5,4.98,1.79,1.79,0.05,0.051
NM21099,C199935,C199934,3.23,3.25,0.018,0.018,0.022,0.022
NM21099,C199955,C199954,4.1,4.15,0.032,0.027,0.033,0.034
NM21099,C199974,C199973,1.89,1.92,0.527,0.528,0.006,0.007
NM21099,C199995,C199994,5.25,5.26,0.013,0.013,0.048,0.047
NM21099,D060515,D060514,5.64,5.64,0.012,0.012,0.041,0.041
NM21099,D060535,D060534,4.99,5.04,0.014,0.014,0.041,0.04
NM21098,C199775,C199774,4.89,4.73,1.52,1.575,0.048,0.047
NM21098,C199795,C199794,4.77,4.8,1.46,1.46,0.045,0.045
NM21098,C199815,C199814,4.74,4.69,1.405,1.4,0.049,0.048
NM21098,C199835,C199834,4.46,4.43,1.355,1.325,0.046,0.046
NM21098,C199855,C199854,3.9,3.99,0.016,0.016,0.016,0.018
NM21097,D026445,D026444,5.81,5.87,1.415,1.425,0.007,0.007
NM21097,D026465,D026464,4.12,4.11,1.185,1.175,0.006,0.006
NM21097,D026485,D026484,5.05,4.98,1.18,1.18,0.011,0.01
NM21097,D026505,D026504,4.29,4.35,1.2,1.205,0.009,0.008
NM21097,D026525,D026524,4.04,4.03,1.125,1.115,0.011,0.012
NM21097,D026545,D026544,5.39,5.37,1.52,1.52,0.016,0.017
NM21097,D026565,D026564,4.69,4.75,1.305,1.365,0.013,0.012
NM21097,D026585,D026584,5.57,5.58,1.51,1.545,0.017,0.015
NM21097,D026605,D026604,4.12,4.2,0.505,0.524,0.029,0.031
NM21097,D026625,D026624,2.9,2.89,0.251,0.303,0.038,0.037
NM21097,D026645,D026644,4.47,4.51,1.395,1.41,0.019,0.02
NM21097,D026665,D026664,5.2,5.21,1.575,1.57,0.023,0.023
NM21097,D026685,D026684,5.16,5.24,1.62,1.645,0.021,0.021
NM21097,D026705,D026704,3.81,3.62,0.332,0.29,0.049,0.048
NM21097,D026725,D026724,5.15,5.13,1.675,1.645,0.027,0.026
NM21097,D026745,D026744,5.18,5.11,1.61,1.585,0.027,0.028
NM21097,D026765,D026764,4.92,4.59,0.046,0.051,0.05,0.055
NM21097,D026785,D026784,3.62,3.08,0.092,0.099,0.018,0.017
NM21097,D026805,D026804,2.81,2.95,0.079,0.077,0.013,0.014
NM21097,D026825,D026824,1.92,2.11,0.065,0.076,0.009,0.01
NM21096,D030004,D030003,4.65,4.67,1.58,1.49,0.038,0.04
NM21096,D030025,D030024,4.55,4.61,1.195,1.22,0.042,0.041
NM21096,D030045,D030044,5.15,5.1,1.56,1.57,0.048,0.048
NM21096,D030066,D030065,4.36,4.48,0.37,0.321,0.029,0.029
NM21096,D030085,D030084,4.77,4.84,1.425,1.38,0.041,0.038
NM21096,D030106,D030105,2.25,2.3,0.656,0.626,0.019,0.02
NM21096,D030125,D030124,2.21,2.15,0.027,0.026,0.012,0.011
NM21096,D030145,D030144,5.64,5.52,0.013,0.013,0.042,0.042
NM21096,D030164,D030163,5.12,5.09,0.031,0.031,0.021,0.02
NM21096,D030184,D030183,3.63,3.65,0.045,0.045,0.015,0.015
NM21096,D030205,D030204,4.99,5.03,0.041,0.04,0.018,0.019
NM21096,D030225,D030224,3.81,3.91,0.04,0.038,0.015,0.015
NM21096,D030245,D030244,1.82,1.79,0.023,0.022,0.011,0.011
NM21096,D030264,D030263,5.76,5.77,0.034,0.038,0.037,0.036
NM21096,D030285,D030284,3.81,3.83,1.405,1.425,0.042,0.041
NM21096,D030305,D030304,4.09,4.11,1.48,1.515,0.04,0.04
NM21096,D030325,D030324,4.33,4.35,0.029,0.025,0.023,0.022
NM21096,D030345,D030344,4.27,4.19,0.047,0.048,0.032,0.031
NM21096,D030365,D030364,3.23,3.24,0.058,0.055,0.026,0.025
NM21096,D030385,D030384,4.19,4.27,0.044,0.043,0.034,0.033
NM21096,D030405,D030404,4.45,4.44,0.044,0.048,0.035,0.036
NM21096,D030425,D030424,3.72,3.66,0.065,0.066,0.029,0.027
NM21096,D030445,D030444,4.56,4.55,0.064,0.062,0.037,0.037
NM21096,D030465,D030464,5.26,5.28,0.056,0.056,0.041,0.04
NM21096,D030485,D030484,7.6,7.7,0.028,0.029,0.059,0.062
NM21096,D030505,D030504,5.75,5.82,0.031,0.028,0.045,0.045
NM21096,D030525,D030524,4.29,4.32,0.051,0.051,0.033,0.034
NM21096,D030545,D030544,7.36,7.38,0.044,0.041,0.055,0.055
NM21096,D030565,D030564,8.37,8.21,0.043,0.04,0.048,0.048
NM21096,D030585,D030584,5.86,5.77,0.065,0.066,0.028,0.029
NM21095,D029205,D029204,5.2,5.19,1.635,1.625,0.023,0.023
NM21095,D029225,D029224,4.63,4.58,1.335,1.325,0.019,0.019
NM21095,D029245,D029244,5.2,5.26,1.535,1.575,0.037,0.035
NM21095,D029265,D029264,4.57,4.95,1.355,1.51,0.02,0.021
NM21095,D029285,D029284,5.41,5.39,1.6,1.605,0.022,0.023
NM21095,D029305,D029304,3.04,3.05,0.731,0.731,0.028,0.029
NM21095,D029325,D029324,4.86,4.86,1.495,1.5,0.023,0.022
NM21095,D029345,D029344,4.55,4.55,1.37,1.38,0.023,0.022
NM21095,D029365,D029364,3.37,3.41,0.171,0.172,0.062,0.061
NM21095,D029385,D029384,2.55,2.6,0.243,0.249,0.04,0.04
NM21095,D029405,D029404,5.54,5.45,1.705,1.72,0.025,0.026
NM21095,D029425,D029424,3.8,3.79,0.2,0.185,0.055,0.055
NM21095,D029445,D029444,4.81,4.82,1.465,1.46,0.029,0.029
NM21095,D029465,D029464,4.85,4.73,1.49,1.475,0.03,0.028
NM21095,D029485,D029484,4.96,4.97,1.565,1.535,0.017,0.017
NM21094,C199535,C199534,4.84,4.8,1.5,1.485,0.05,0.05
NM21094,C199555,C199554,4.79,4.88,1.725,1.795,0.05,0.051
NM21094,C199575,C199574,4.61,4.61,1.775,1.74,0.046,0.048
NM21094,C199595,C199594,3.63,3.64,0.015,0.015,0.021,0.022
NM21094,C199615,C199614,4.29,4.3,0.017,0.017,0.033,0.034
NM21094,C199635,C199634,5.34,5.28,0.014,0.014,0.038,0.038
NM21094,C199655,C199654,6.21,6.2,0.01,0.01,0.049,0.052
NM21094,C199675,C199674,4.88,4.86,0.015,0.015,0.039,0.038
NM21094,C199695,C199694,5.61,5.62,0.013,0.01,0.056,0.054
NM21094,C199715,C199714,5.92,6.1,0.02,0.017,0.05,0.053
NM21094,C199735,C199734,6.37,6.42,0.014,0.013,0.055,0.059
NM21094,C199757,C199756,4.99,4.9,0.022,0.021,0.041,0.04
NM21093,D031315,D031314,4.65,4.73,1.31,1.34,0.032,0.034
NM21093,D031335,D031334,5.38,5.37,1.295,1.32,0.039,0.039
NM21093,D031355,D031354,4.5,4.56,1.23,1.245,0.035,0.034
NM21093,D031375,D031374,4.55,4.54,1.295,1.29,0.035,0.035
NM21093,D031395,D031394,3.64,3.71,1.18,1.225,0.032,0.032
NM21093,D031415,D031414,4.29,4.22,1.145,1.13,0.037,0.037
NM21093,D031434,D031433,3.88,3.95,0.989,1.05,0.027,0.029
NM21093,D031454,D031453,4.1,4.06,1.135,1.145,0.035,0.034
NM21093,D031475,D031474,4.33,4.39,1.26,1.235,0.04,0.039
NM21093,D031495,D031494,2.82,2.83,0.763,0.797,0.023,0.024
NM21093,D031515,D031514,4.32,4.32,1.025,1.02,0.037,0.037
NM21093,D031535,D031534,3.72,3.74,0.886,0.856,0.033,0.033
NM21093,D031555,D031554,3.84,3.93,1,0.991,0.035,0.035
NM21093,D031575,D031574,4.64,4.65,1.235,1.205,0.04,0.04
NM21093,D031595,D031594,3.67,3.73,0.891,0.93,0.032,0.032
NM21093,D031615,D031614,4.65,4.63,1.32,1.315,0.041,0.041
NM21093,D031635,D031634,4.16,4.21,1.045,1.04,0.038,0.038
NM21093,D031655,D031654,4.3,4.37,1.145,1.15,0.04,0.041
NM21093,D031675,D031674,4.63,4.58,1.41,1.34,0.043,0.042
NM21093,D031695,D031694,4.41,4.41,1.275,1.265,0.039,0.04
NM21093,D031715,D031714,2.77,2.67,0.028,0.026,0.017,0.017
NM21093,D031735,D031734,4.48,4.29,0.032,0.033,0.042,0.04
NM21093,D031755,D031754,6.31,6.46,0.032,0.031,0.029,0.029
NM21093,D031775,D031774,6.27,6.38,0.031,0.031,0.026,0.026
NM21093,D031795,D031794,3.18,3.2,0.046,0.047,0.013,0.013
NM21092,C199455,C199454,10.05,10.3,1.925,1.9,0.103,0.102
NM21092,C199475,C199474,2.07,1.97,0.073,0.076,0.032,0.031
NM21092,C199495,C199494,2.92,2.97,0.301,0.315,0.046,0.046
NM21092,C199515,C199514,2.94,3.12,0.438,0.498,0.014,0.013
NM21091,D028905,D028904,4.94,4.92,1.545,1.535,0.019,0.019
NM21091,D028925,D028924,4.81,4.77,1.415,1.41,0.018,0.017
NM21091,D028945,D028944,5.13,5.04,1.56,1.55,0.021,0.021
NM21091,D028965,D028964,4.67,4.68,1.39,1.4,0.022,0.021
NM21091,D028984,D028983,2.38,2.54,0.18,0.186,0.032,0.034
NM21091,D029005,D029004,3.97,3.92,0.199,0.2,0.066,0.065
NM21091,D029026,D029025,4.89,4.82,1.455,1.445,0.024,0.024
NM21091,D029045,D029044,4.13,4.22,1.18,1.18,0.024,0.023
NM21091,D029064,D029063,1.98,1.77,0.315,0.343,0.018,0.017
NM21091,D029085,D029084,2.51,2.39,0.363,0.392,0.023,0.021
NM21091,D029105,D029104,4.89,4.97,1.465,1.46,0.023,0.024
NM21091,D029125,D029124,4.74,4.83,1.46,1.54,0.024,0.023
NM21091,D029147,D029146,4.78,4.82,1.43,1.45,0.023,0.023
NM21091,D029164,D029163,4.95,4.88,1.55,1.525,0.028,0.027
NM21091,D029186,D029185,5.01,4.95,1.585,1.54,0.025,0.025
NM21090,D031005,D031004,3.1,3.11,0.058,0.061,0.024,0.024
NM21090,D031024,D031023,4.58,4.47,0.04,0.04,0.029,0.028
NM21090,D031045,D031044,4.92,4.89,0.051,0.051,0.032,0.031
NM21090,D031065,D031064,3.55,3.58,0.044,0.044,0.027,0.028
NM21090,D031085,D031084,4.62,4.62,0.024,0.023,0.029,0.03
NM21090,D031105,D031104,4.15,4.24,1.515,1.54,0.04,0.041
NM21090,D031125,D031124,3.94,3.89,1.54,1.525,0.039,0.038
NM21090,D031138,D031137,5.97,5.66,1.74,1.71,0.058,0.057
NM21090,D031166,D031165,4.71,4.71,1.51,1.49,0.046,0.048
NM21090,D031186,D031185,3.9,4.09,1.025,1.035,0.037,0.038
NM21090,D031206,D031205,2.95,2.58,0.596,0.522,0.026,0.022
NM21090,D031226,D031225,5.89,6.05,1.5,1.53,0.055,0.055
NM21090,D031245,D031244,5.42,5.35,1.715,1.73,0.048,0.049
NM21090,D031265,D031264,6.88,6.82,1.85,1.875,0.071,0.068
NM21090,D031285,D031284,6.43,6.4,1.995,2,0.065,0.065
NM21090,D031304,D031303,6,6.17,1.92,2.01,0.061,0.061
NM21089,C199255,C199254,5.69,5.54,0.313,0.319,0.039,0.038
NM21089,C199275,C199274,23.7,24.9,0.165,0.174,0.148,0.151
NM21089,C199295,C199294,5.54,5.6,0.303,0.3,0.036,0.036
NM21089,C199315,C199314,13,13.25,0.158,0.156,0.076,0.078
NM21089,C199335,C199334,6.09,6.26,0.264,0.26,0.041,0.043
NM21089,C199355,C199354,2.45,2.52,0.513,0.552,0.004,0.004
NM21089,C199375,C199374,2.84,2.91,0.542,0.536,0.006,0.006
NM21089,C199395,C199394,4.14,4.2,0.991,0.999,0.015,0.016
NM21089,C199415,C199414,3.98,4,1.045,1.06,0.019,0.019
NM21089,C199435,C199434,1.39,1.4,0.221,0.224,0.001,0.002
NM21088,D027375,D027374,4.69,4.7,0.061,0.06,0.036,0.037
NM21088,D027395,D027394,4.66,4.65,0.06,0.059,0.037,0.037
NM21088,D027415,D027414,4.67,4.73,0.048,0.049,0.035,0.036
NM21088,D027435,D027434,5.47,5.34,0.059,0.064,0.041,0.041
NM21088,D027455,D027454,4.88,4.85,0.047,0.049,0.037,0.036
NM21088,D027475,D027474,5.84,5.66,0.034,0.036,0.041,0.041
NM21088,D027495,D027494,7.6,7.67,0.04,0.041,0.043,0.044
NM21088,D027515,D027514,7.25,7.29,0.05,0.051,0.043,0.042
NM21088,D027535,D027534,6.64,6.73,0.062,0.06,0.035,0.034
NM21088,D027555,D027554,4.26,4.31,0.056,0.054,0.02,0.019
NM21088,D027576,D027575,9.14,9.01,0.018,0.018,0.042,0.042
NM21088,D027595,D027594,4.84,4.86,0.036,0.035,0.022,0.021
NM21088,D027616,D027615,5.46,5.65,0.033,0.03,0.022,0.024
NM21088,D027635,D027634,4.52,4.52,0.028,0.027,0.019,0.019
NM21088,D027655,D027654,4.82,4.79,0.064,0.06,0.037,0.037
NM21088,D027676,D027675,4.93,5.01,0.058,0.061,0.039,0.038
NM21088,D027695,D027694,5.24,4.92,0.058,0.066,0.035,0.032
NM21088,D027715,D027714,6.9,6.98,0.051,0.051,0.035,0.036
NM21088,D027734,D027733,5.34,5.35,0.042,0.042,0.03,0.031
NM21087,D028605,D028604,5.03,5.02,1.48,1.52,0.044,0.044
NM21087,D028625,D028624,1.91,1.88,0.505,0.487,0.019,0.02
NM21087,D028645,D028644,4.61,4.65,1.32,1.38,0.046,0.047
NM21087,D028665,D028664,4.79,4.86,1.455,1.45,0.051,0.048
NM21087,D028685,D028684,4.85,4.74,1.445,1.42,0.054,0.05
NM21087,D028705,D028704,4.4,4.51,1.14,1.185,0.053,0.053
NM21087,D028725,D028724,4.68,4.5,1.345,1.28,0.052,0.052
NM21087,D028745,D028744,3.99,4.1,0.947,0.963,0.035,0.037
NM21087,D028765,D028764,4.44,4.53,1.245,1.255,0.046,0.053
NM21087,D028785,D028784,3.23,3.22,1.1,1.11,0.036,0.032
NM21087,D028805,D028804,0.57,0.56,0.014,0.016,0.01,0.011
NM21087,D028825,D028824,5.73,5.95,0.011,0.01,0.039,0.039
NM21087,D028845,D028844,5.72,5.79,0.016,0.014,0.042,0.045
NM21087,D028865,D028864,5.86,5.93,0.025,0.026,0.029,0.029
NM21087,D028885,D028884,2.92,2.96,0.026,0.023,0.014,0.017
NM21085,D026185,D026184,4.54,4.67,0.057,0.057,0.036,0.035
NM21085,D026205,D026204,9.77,8.93,0.015,0.022,0.088,0.08
NM21085,D026225,D026224,10.2,10.05,0.011,0.011,0.086,0.086
NM21085,D026245,D026244,4.72,4.43,0.055,0.057,0.039,0.036
NM21085,D026265,D026264,7.5,6.98,0.029,0.039,0.063,0.059
NM21085,D026285,D026284,6.44,6.41,2.19,2.22,0.065,0.065
NM21085,D026305,D026304,3.96,4.09,1.53,1.51,0.039,0.04
NM21085,D026325,D026324,4.03,4.01,1.305,1.315,0.041,0.039
NM21085,D026345,D026344,4.8,4.87,1.605,1.57,0.044,0.046
NM21085,D026365,D026364,2.86,2.76,0.024,0.035,0.018,0.016
NM21085,D026385,D026384,6.73,6.66,0.017,0.017,0.047,0.047
NM21085,D026405,D026404,5.16,5.11,0.027,0.025,0.03,0.03
NM21085,D026425,D026424,5.82,6.01,0.011,0.011,0.027,0.03
NM21084,D028245,D028244,5.11,5.08,1.63,1.605,0.049,0.048
NM21084,D028265,D028264,4.62,4.55,1.44,1.41,0.05,0.05
NM21084,D028285,D028284,5.1,5.78,1.775,2.05,0.052,0.059
NM21084,D028305,D028304,6.67,6.71,2.28,2.28,0.068,0.068
NM21084,D028325,D028324,5.73,5.64,1.89,1.82,0.058,0.057
NM21084,D028345,D028344,4.03,4.13,0.028,0.022,0.032,0.032
NM21084,D028365,D028364,4.72,4.82,0.017,0.016,0.035,0.035
NM21084,D028387,D028386,4.1,4.21,0.018,0.017,0.026,0.027
NM21084,D028405,D028404,3.57,3.88,0.015,0.014,0.028,0.03
NM21084,D028425,D028424,4.87,4.81,0.016,0.017,0.038,0.037
NM21084,D028445,D028444,5.46,5.57,0.012,0.012,0.049,0.05
NM21084,D028465,D028464,5.34,5.36,0.014,0.014,0.037,0.036
NM21084,D028485,D028484,5.03,5.07,0.022,0.018,0.036,0.036
NM21084,D028505,D028504,5.08,5.11,0.017,0.034,0.038,0.039
NM21084,D028525,D028524,5.2,5.19,0.015,0.015,0.039,0.039
NM21084,D028545,D028544,4.93,4.92,0.016,0.015,0.037,0.036
NM21084,D028565,D028564,5.3,5.25,0.014,0.013,0.041,0.042
NM21084,D028585,D028584,5.11,5.18,0.013,0.013,0.042,0.043
NM21083,D027016,D027015,5.11,5.06,1.595,1.57,0.046,0.047
NM21083,D027036,D027035,4.69,4.59,1.57,1.525,0.041,0.038
NM21083,D027055,D027054,4.84,4.77,1.51,1.52,0.042,0.04
NM21083,D027075,D027074,4.41,4.31,1.215,1.21,0.04,0.039
NM21083,D027096,D027095,4.04,4.08,1.095,1.125,0.034,0.035
NM21083,D027115,D027114,4.5,4.58,1.365,1.38,0.039,0.04
NM21083,D027136,D027135,3.64,3.74,0.906,0.902,0.027,0.028
NM21083,D027155,D027154,4.82,4.89,1.245,1.245,0.039,0.04
NM21083,D027175,D027174,3.55,3.66,0.956,0.963,0.031,0.031
NM21083,D027195,D027194,3.98,4.09,1.015,1.035,0.034,0.038
NM21083,D027215,D027214,3.72,3.8,0.964,0.98,0.036,0.036
NM21083,D027235,D027234,4.31,4.36,1.03,1.02,0.043,0.039
NM21083,D027255,D027254,4.32,4.2,1.02,0.972,0.039,0.038
NM21083,D027275,D027274,3.59,3.59,0.884,0.897,0.029,0.029
NM21083,D027295,D027294,3.12,3.18,0.787,0.81,0.022,0.023
NM21083,D027315,D027314,4.25,4.22,1.205,1.21,0.037,0.036
NM21083,D027335,D027334,3.39,3.42,1.205,1.225,0.03,0.029
NM21083,D027355,D027354,3.85,3.84,1.05,1.07,0.039,0.036
NM21081,D024005,D024004,4.69,4.7,0.017,0.017,0.038,0.038
NM21081,D024025,D024024,7.85,7.82,0.013,0.016,0.094,0.099
NM21081,D024045,D024044,4.49,4.66,0.027,0.036,0.022,0.026
NM21081,D024065,D024064,4,3.92,0.023,0.025,0.018,0.022
NM21081,D024085,D024084,3.14,3.13,0.027,0.031,0.014,0.013
NM21081,D024105,D024104,3.22,3.18,0.021,0.023,0.015,0.016
NM21081,D024125,D024124,4.31,3.32,0.021,0.022,0.019,0.016
NM21081,D024145,D024144,3.09,3.1,0.019,0.025,0.021,0.022
NM21081,D024165,D024164,4.66,4.67,1.28,1.27,0.05,0.05
NM21081,D024185,D024184,4.53,4.53,1.335,1.335,0.046,0.048
NM21081,D024205,D024204,4.69,4.8,1.65,1.71,0.047,0.049
NM21081,D024225,D024224,3.76,3.76,1.36,1.38,0.036,0.038
NM21081,D024245,D024244,4.46,4.48,0.016,0.017,0.029,0.03
NM21081,D024265,D024264,3.9,4.01,0.017,0.019,0.027,0.03
NM21081,D024285,D024284,5.48,5.38,0.014,0.014,0.039,0.039
NM21081,D024305,D024304,6.23,6.09,0.014,0.014,0.051,0.048
NM21081,D024325,D024324,4.75,4.72,0.016,0.016,0.038,0.037
NM21081,D024345,D024344,5.16,5.14,0.014,0.014,0.041,0.04
NM21081,D024365,D024364,4.66,4.73,0.016,0.015,0.033,0.034
NM21081,D024385,D024384,5.2,5.13,0.018,0.018,0.04,0.04
NM21081,D024405,D024404,5.1,5.02,0.018,0.018,0.041,0.041
NM21081,D024425,D024424,5.1,5,0.029,0.027,0.039,0.04
NM21081,D024445,D024444,5.15,5.18,0.015,0.015,0.041,0.041
NM21081,D024465,D024464,4.92,4.83,0.016,0.016,0.04,0.038
NM21081,D024485,D024484,4.6,4.59,0.018,0.019,0.037,0.036
NM21080,D025945,D025944,4.62,4.61,0.06,0.061,0.035,0.035
NM21080,D025964,D025963,4.58,4.47,0.058,0.061,0.035,0.034
NM21080,D025985,D025984,6.08,5.95,0.044,0.045,0.045,0.046
NM21080,D028005,D028004,4.89,4.85,0.055,0.061,0.036,0.036
NM21080,D028025,D028024,4.8,4.92,0.058,0.056,0.037,0.037
NM21080,D028045,D028044,4.37,4.19,0.038,0.037,0.031,0.028
NM21080,D028065,D028064,7.02,6.47,0.026,0.031,0.058,0.053
NM21080,D028085,D028084,8.97,8.54,0.019,0.02,0.074,0.068
NM21080,D028105,D028104,5.78,5.65,0.034,0.036,0.047,0.045
NM21080,D028125,D028124,5.51,5.75,0.045,0.046,0.044,0.045
NM21080,D028145,D028144,5.03,4.93,0.056,0.058,0.039,0.038
NM21080,D028165,D028164,6.51,6.71,0.032,0.033,0.048,0.05
NM21080,D028185,D028184,5.21,5.23,0.051,0.052,0.039,0.04
NM21080,D028205,D028204,6.73,6.76,0.055,0.058,0.035,0.036
NM21080,D028225,D028224,7.15,7.13,0.056,0.056,0.03,0.03
NM21079,D023405,D023404,4.68,4.65,1.51,1.58,0.039,0.038
NM21079,D023425,D023424,4.37,4.33,1.305,1.27,0.038,0.039
NM21079,D023445,D023444,4.95,4.98,1.61,1.57,0.041,0.04
NM21079,D023465,D023464,5.07,5.11,1.6,1.615,0.046,0.046
NM21079,D023485,D023484,5,4.98,1.535,1.52,0.047,0.047
NM21079,D026005,D026004,4.88,4.86,0.943,0.976,0.031,0.031
NM21079,D026025,D026024,4.37,4.38,0.25,0.235,0.033,0.032
NM21079,D026045,D026044,3.43,3.38,0.022,0.02,0.028,0.025
NM21079,D026065,D026064,3.19,3.14,0.041,0.038,0.019,0.019
NM21079,D026085,D026084,2.07,2.44,0.029,0.027,0.021,0.024
NM21079,D026105,D026104,4.46,4.49,0.039,0.041,0.04,0.039
NM21079,D026125,D026124,5.53,5.76,0.037,0.037,0.024,0.026
NM21079,D026145,D026144,6.02,6.03,0.039,0.041,0.024,0.024
NM21079,D026166,D026165,3.73,3.8,0.057,0.058,0.013,0.014
NM21078,D025645,D025644,4.68,4.68,1.545,1.565,0.046,0.046
NM21078,D025665,D025664,4.78,4.72,1.645,1.65,0.041,0.04
NM21078,D025685,D025684,3.57,3.75,1.52,1.545,0.045,0.049
NM21078,D025705,D025704,4.22,4.2,1.615,1.575,0.043,0.041
NM21078,D025725,D025724,4.4,4.31,0.018,0.023,0.032,0.032
NM21078,D025745,D025744,4.03,4.06,0.018,0.018,0.03,0.03
NM21078,D025765,D025764,4.95,4.97,0.014,0.013,0.04,0.04
NM21078,D025785,D025784,5.51,5.51,0.013,0.013,0.046,0.046
NM21078,D025805,D025804,4.94,4.88,0.014,0.014,0.036,0.036
NM21078,D025825,D025824,5.82,5.98,0.012,0.012,0.041,0.042
NM21078,D025845,D025844,5.3,5.31,0.016,0.016,0.04,0.04
NM21078,D025865,D025864,5.39,5.3,0.016,0.017,0.043,0.042
NM21078,D025885,D025884,5.22,5.09,0.014,0.014,0.04,0.04
NM21078,D025905,D025904,5.25,5.15,0.013,0.014,0.041,0.04
NM21078,D025925,D025924,4.99,5.03,0.014,0.013,0.037,0.037
NM21077,D023225,D023224,4.19,4.15,1.12,1.12,0.039,0.039
NM21077,D023245,D023244,4.34,4.31,1.16,1.13,0.038,0.037
NM21077,D023265,D023264,3.98,3.95,1.06,1.035,0.036,0.035
NM21077,D023285,D023284,3.99,3.96,1.175,1.11,0.032,0.035
NM21077,D023305,D023304,4.24,4.25,1.245,1.255,0.035,0.035
NM21077,D023325,D023324,3.81,3.78,1.17,1.175,0.031,0.031
NM21077,D023345,D023344,4.16,3.99,1.125,1.095,0.032,0.031
NM21077,D023365,D023364,3.88,3.85,1.04,1.05,0.035,0.034
NM21077,D023385,D023384,4.29,4.22,1.25,1.205,0.034,0.034
NM21076,D025465,D025464,4.81,4.75,1.41,1.47,0.05,0.048
NM21076,D025485,D025484,4.52,4.56,1.485,1.46,0.046,0.046
NM21076,D025505,D025504,4.99,4.89,1.65,1.67,0.051,0.051
NM21076,D025525,D025524,2.53,2.83,0.017,0.017,0.016,0.016
NM21076,D025545,D025544,2.54,2.42,0.016,0.022,0.021,0.018
NM21076,D025565,D025564,2.51,2.47,0.011,0.011,0.017,0.018
NM21076,D025585,D025584,2.43,2.43,0.012,0.01,0.027,0.027
NM21076,D025605,D025604,5.61,5.67,0.014,0.014,0.024,0.024
NM21076,D025625,D025624,2.58,2.53,0.025,0.024,0.01,0.01
NM21075,D023505,D023504,4.79,4.73,1.245,1.28,0.045,0.043
NM21075,D023525,D023524,4.59,4.52,1.24,1.215,0.042,0.043
NM21075,D023545,D023544,4.48,4.51,1.305,1.32,0.044,0.045
NM21075,D023565,D023564,4.95,4.86,1.44,1.405,0.047,0.047
NM21075,D023585,D023584,4.6,4.59,1.25,1.215,0.048,0.046
NM21075,D023605,D023604,4.61,4.56,1.205,1.2,0.046,0.047
NM21075,D023625,D023624,4.42,4.47,0.03,0.031,0.028,0.028
NM21075,D023645,D023644,4.72,4.78,1.57,1.545,0.045,0.045
NM21075,D023664,D023663,3.38,3.21,0.022,0.023,0.023,0.022
NM21075,D023685,D023684,4.95,4.98,0.014,0.014,0.034,0.034
NM21075,D023705,D023704,5.97,6.04,0.014,0.014,0.041,0.04
NM21075,D023725,D023724,5.19,5.25,0.023,0.024,0.022,0.022
NM21075,D023745,D023744,4.06,4.24,0.027,0.025,0.017,0.017
NM21075,D023765,D023764,3.2,3.2,0.031,0.033,0.011,0.012
NM21075,D023785,D023784,3.44,3.35,0.021,0.021,0.013,0.012
NM21075,D023805,D023804,3.07,3.06,0.025,0.022,0.012,0.012
NM21075,D023826,D023825,4.47,4.42,1.305,1.305,0.045,0.045
NM21075,D023845,D023844,4.26,4.31,1.41,1.405,0.044,0.044
NM21075,D023865,D023864,4.73,4.74,1.37,1.385,0.04,0.04
NM21075,D023885,D023884,3.85,4.09,1.36,1.49,0.044,0.045
NM21075,D023906,D023905,4.46,4.52,1.84,1.845,0.046,0.047
NM21075,D023925,D023924,0.21,0.19,0.027,0.03,0.002,0.002
NM21075,D023945,D023944,4.21,4.22,0.014,0.014,0.033,0.032
NM21075,D023965,D023964,3.94,3.92,0.017,0.022,0.032,0.031
NM21075,D023985,D023984,4.14,4.29,0.01,0.012,0.031,0.031
NM21074,D025285,D025284,5.58,5.65,2.03,2.05,0.058,0.059
NM21074,D025305,D025304,6.83,6.83,1.915,1.915,0.072,0.07
NM21074,D025325,D025324,3.98,3.94,0.017,0.017,0.031,0.031
NM21074,D025345,D025344,3.35,3.27,0.014,0.014,0.025,0.025
NM21074,D025365,D025364,6.14,5.92,0.014,0.013,0.034,0.032
NM21074,D025385,D025384,4.61,4.69,0.018,0.022,0.035,0.036
NM21074,D025405,D025404,5.96,5.88,0.012,0.011,0.04,0.04
NM21074,D025424,D025423,5.88,5.83,0.01,0.01,0.033,0.032
NM21074,D025445,D025444,5.01,5.15,0.015,0.015,0.041,0.042
NM21073,D025165,D025164,3.96,3.92,0.893,0.852,0.03,0.029
NM21073,D025185,D025184,4.45,4.51,1.315,1.355,0.043,0.043
NM21073,D025205,D025204,1.39,1.33,0.009,0.011,0.015,0.014
NM21073,D025226,D025225,4.6,4.8,1.49,1.49,0.047,0.05
NM21073,D025245,D025244,4.61,4.5,1.425,1.43,0.045,0.043
NM21073,D025265,D025264,5.16,5.11,1.39,1.37,0.053,0.053
NM21072,D022925,D022924,6.62,6.66,0.04,0.039,0.031,0.031
NM21072,D022945,D022944,8.56,8.56,0.038,0.038,0.034,0.034
NM21072,D022965,D022964,6.41,6.37,0.04,0.038,0.026,0.026
NM21072,D022985,D022984,6.55,6.67,0.032,0.033,0.026,0.027
NM21072,D023005,D023004,6.93,6.86,0.039,0.048,0.027,0.027
NM21072,D023025,D023024,6.88,6.84,0.026,0.027,0.028,0.027
NM21072,D023045,D023044,5.71,5.66,0.036,0.038,0.024,0.023
NM21072,D023065,D023064,5.67,5.62,0.029,0.03,0.023,0.023
NM21072,D023085,D023084,4.88,4.87,0.028,0.027,0.02,0.021
NM21072,D023105,D023104,4.08,4.16,0.045,0.045,0.017,0.017
NM21072,D023125,D023124,3.21,3.29,0.063,0.063,0.014,0.015
NM21072,D023146,D023145,3.35,3.39,0.072,0.072,0.015,0.015
NM21072,D023165,D023164,6.21,6.32,0.046,0.044,0.024,0.024
NM21072,D023185,D023184,6.73,6.64,0.045,0.047,0.026,0.026
NM21072,D023205,D023204,6.03,6.11,0.062,0.053,0.024,0.024
NM21071,D025005,D025004,4.34,4.39,1.63,1.63,0.045,0.044
NM21071,D025025,D025024,2.51,2.49,0.017,0.017,0.013,0.013
NM21071,D025045,D025044,4.38,4.33,0.017,0.017,0.028,0.027
NM21071,D025065,D025064,4.13,4.15,0.016,0.016,0.031,0.031
NM21071,D025085,D025084,6,6.04,0.011,0.011,0.04,0.04
NM21071,D025105,D025104,3.05,3.08,0.023,0.023,0.024,0.023
NM21071,D025125,D025124,8.01,7.96,0.01,0.009,0.064,0.062
NM21071,D025145,D025144,6.17,6.21,0.014,0.014,0.047,0.047
NM21070,D022666,D022665,8.18,8.78,0.044,0.035,0.038,0.042
NM21070,D022685,D022684,5.22,5.34,0.064,0.068,0.022,0.024
NM21070,D022705,D022704,5.85,5.8,0.06,0.06,0.025,0.025
NM21070,D022725,D022724,5.74,5.75,0.047,0.044,0.024,0.024
NM21070,D022745,D022744,6.12,6.11,0.078,0.075,0.026,0.025
NM21070,D022765,D022764,6.92,6.92,0.1,0.106,0.027,0.027
NM21070,D022785,D022784,4.92,4.91,0.108,0.112,0.021,0.02
NM21070,D022805,D022804,3.33,3.3,0.13,0.138,0.015,0.014
NM21070,D022825,D022824,7.44,7.4,0.1,0.102,0.029,0.029
NM21070,D022845,D022844,5.79,5.76,0.075,0.078,0.025,0.025
NM21070,D022865,D022864,1.2,1.18,0.159,0.157,0.014,0.013
NM21070,D022886,D022885,6.13,6.09,0.231,0.233,0.026,0.026
NM21070,D022905,D022904,6.29,6.76,0.144,0.136,0.027,0.03
NM21069,C197785,C197784,5.75,5.75,0.018,0.017,0.024,0.024
NM21069,C197805,C197804,4.24,4.18,0.015,0.016,0.017,0.017
NM21069,C197825,C197824,4.85,4.54,0.025,0.024,0.019,0.017
NM21069,C197845,C197844,3.36,3.31,0.028,0.029,0.012,0.012
NM21069,C197865,C197864,3.27,3.32,0.021,0.021,0.011,0.012
NM21069,C197885,C197884,4.11,4.12,1.2,1.16,0.04,0.04
NM21069,C197905,C197904,4.32,4.4,1.36,1.4,0.044,0.044
NM21069,C197925,C197924,5.12,5.1,1.605,1.605,0.051,0.051
NM21069,C197945,C197944,4.61,4.57,1.685,1.68,0.046,0.044
NM21069,C197965,C197964,4.57,4.53,1.78,1.775,0.046,0.046
NM21069,C197985,C197984,4.89,4.83,1.885,1.865,0.045,0.044
NM21069,D022505,D022504,6.02,6.04,2,1.97,0.063,0.063
NM21069,D022525,D022524,4.18,4.02,0.017,0.017,0.033,0.032
NM21069,D022545,D022544,4.98,4.91,0.012,0.012,0.042,0.04
NM21069,D022565,D022564,5.17,5.25,0.024,0.023,0.043,0.044
NM21069,D022585,D022584,4.54,4.59,0.02,0.019,0.037,0.038
NM21069,D022605,D022604,3.54,3.56,0.032,0.039,0.04,0.039
NM21069,D022625,D022624,5.71,5.8,0.012,0.012,0.037,0.038
NM21069,D022645,D022644,4.61,4.54,0.014,0.014,0.032,0.032
NM21068,C198465,C198464,4.96,5.01,1.54,1.49,0.048,0.049
NM21068,C198485,C198484,4.73,4.93,0.036,0.034,0.032,0.034
NM21068,C198505,C198504,4.09,4.14,0.047,0.048,0.035,0.038
NM21068,C198525,C198524,4.6,4.5,0.057,0.056,0.02,0.018
NM21068,C198546,C198545,4.14,4.11,0.031,0.031,0.017,0.018
NM21068,C198565,C198564,2.9,2.92,0.077,0.074,0.011,0.011
NM21068,C198585,C198584,3.58,3.52,0.061,0.063,0.013,0.014
NM21068,C198605,C198604,4.65,4.8,0.047,0.049,0.027,0.028
NM21068,C198625,C198624,2.29,2.34,1.015,0.999,0.015,0.015
NM21068,C198645,C198644,4.34,4.33,1.615,1.63,0.043,0.043
NM21068,C198665,C198664,4.19,4.24,1.53,1.535,0.04,0.04
NM21068,C198687,C198686,3.76,3.59,0.047,0.046,0.028,0.026
NM21068,C198705,C198704,4.05,4.13,1.515,1.535,0.039,0.04
NM21068,C198725,C198724,6.08,6.24,0.045,0.05,0.048,0.049
NM21068,C198745,C198744,4.85,4.85,0.037,0.037,0.035,0.035
NM21068,C198765,C198764,4.53,4.54,0.092,0.093,0.034,0.034
NM21068,C198785,C198784,7.28,7.09,0.037,0.038,0.058,0.054
NM21068,C198805,C198804,4.49,4.38,0.057,0.059,0.035,0.032
NM21068,C198825,C198824,7.31,7.54,0.031,0.029,0.051,0.054
NM21068,C198847,C198846,7.44,7.42,0.045,0.041,0.058,0.058
NM21068,C198865,C198864,6.36,6.38,0.047,0.043,0.05,0.051
NM21068,C198887,C198886,5.76,5.67,0.071,0.068,0.04,0.041
NM21068,C198905,C198904,5.29,5.25,0.05,0.053,0.022,0.022
NM21068,C198925,C198924,6.61,6.65,0.046,0.048,0.026,0.026
NM21068,C198945,C198944,6.75,6.76,0.065,0.057,0.027,0.027
NM21068,C198965,C198964,3.54,3.55,0.122,0.12,0.015,0.015
NM21068,C198985,C198984,4.61,4.14,0.136,0.144,0.018,0.017
NM21067,C196695,C196694,4.65,4.62,1.2,1.195,0.046,0.044
NM21067,C196715,C196714,4.48,4.66,1.175,1.225,0.045,0.045
NM21067,C196735,C196734,4.29,4.29,1.05,1.05,0.035,0.035
NM21067,C196755,C196754,4.21,4.17,1.245,1.295,0.04,0.038
NM21067,C196775,C196774,3.39,3.55,1.105,1.115,0.033,0.035
NM21067,C196796,C196795,3.63,3.6,0.016,0.016,0.025,0.025
NM21067,C196815,C196814,4.65,4.63,0.014,0.014,0.04,0.04
NM21067,C196834,C196833,6.47,6.39,0.018,0.018,0.027,0.026
NM21067,C196855,C196854,2.86,2.84,0.025,0.023,0.01,0.01
NM21067,C196875,C196874,3.27,3.26,0.021,0.02,0.011,0.012
NM21067,C196895,C196894,3.22,3.23,0.021,0.021,0.012,0.012
NM21067,C196915,C196914,4.54,4.34,0.016,0.015,0.03,0.029
NM21067,C196935,C196934,4.37,4.29,1.22,1.23,0.042,0.041
NM21067,C196955,C196954,4.78,4.8,1.455,1.455,0.047,0.048
NM21067,C196975,C196974,1.67,1.66,0.387,0.372,0.011,0.011
NM21067,C196995,C196994,4.57,4.6,1.685,1.73,0.044,0.045
NM21067,C199015,C199014,3.44,3.4,0.672,0.667,0.045,0.044
NM21067,C199035,C199034,3.29,3.27,0.017,0.017,0.018,0.019
NM21067,C199055,C199054,4.33,4.33,0.015,0.015,0.032,0.032
NM21067,C199075,C199074,4.96,5.04,0.012,0.012,0.039,0.04
NM21067,C199095,C199094,1.71,1.67,0.02,0.015,0.016,0.014
NM21067,C199115,C199114,3.98,3.97,0.014,0.014,0.026,0.025
NM21067,C199135,C199134,2.94,2.94,0.015,0.015,0.021,0.022
NM21067,C199155,C199154,5.85,5.91,0.012,0.012,0.048,0.049
NM21067,C199175,C199174,4.21,4.29,0.014,0.015,0.034,0.036
NM21067,C199195,C199194,5.07,4.95,0.016,0.016,0.039,0.038
NM21067,C199215,C199214,5.01,4.97,0.016,0.016,0.038,0.037
NM21067,C199235,C199234,4.86,4.87,0.014,0.014,0.038,0.038
NM21066,C197405,C197404,5.44,5.39,1.74,1.765,0.043,0.043
NM21066,C197425,C197424,1.84,1.86,0.302,0.316,0.026,0.026
NM21066,C197445,C197444,5.29,5.41,1.77,1.775,0.049,0.049
NM21066,C197465,C197464,4.59,4.6,1.24,1.31,0.039,0.04
NM21066,C197485,C197484,4.84,4.75,1.515,1.49,0.044,0.043
NM21066,C197505,C197504,4.74,4.69,1.3,1.3,0.044,0.044
NM21066,C197525,C197524,3.81,3.85,1.07,1.09,0.034,0.035
NM21066,C197545,C197544,4.36,4.24,1.29,1.26,0.044,0.044
NM21066,C197565,C197564,4.94,4.93,1.39,1.41,0.039,0.04
NM21066,C197585,C197584,4.96,4.92,1.48,1.47,0.049,0.048
NM21066,C197605,C197604,4.5,4.5,1.135,1.145,0.046,0.047
NM21066,C197625,C197624,4.98,4.94,1.365,1.35,0.051,0.051
NM21066,C197645,C197644,4.7,4.72,1.33,1.32,0.049,0.049
NM21066,C197664,C197663,2.86,2.89,0.873,0.885,0.024,0.025
NM21066,C197685,C197684,4.18,4.19,0.014,0.014,0.029,0.03
NM21066,C197695,C197694,5,5.04,0.012,0.012,0.032,0.031
NM21066,C197705,C197704,3.47,3.44,0.011,0.011,0.035,0.034
NM21066,C197724,C197723,5.4,5.45,0.019,0.019,0.023,0.022
NM21066,C197745,C197744,3.18,3.27,0.017,0.017,0.015,0.015
NM21066,C197765,C197764,2.64,2.66,0.019,0.02,0.01,0.01
NM21065,C197045,C197044,0.86,0.86,0.017,0.017,0.011,0.011
NM21065,C197065,C197064,6.22,6.15,0.017,0.016,0.025,0.026
NM21065,C197085,C197084,5.41,5.48,0.016,0.016,0.021,0.022
NM21065,C197104,C197103,6.34,6.26,0.027,0.026,0.025,0.025
NM21065,C197125,C197124,3.29,3.28,0.029,0.031,0.012,0.012
NM21065,C197146,C197145,2.98,2.88,0.024,0.025,0.012,0.011
NM21065,C197165,C197164,2.95,3.02,0.014,0.014,0.013,0.015
NM21065,C197185,C197184,0.26,0.21,0.021,0.02,0.003,0.003
NM21065,C197205,C197204,4.43,4.32,0.756,0.748,0.041,0.04
NM21065,C197225,C197224,3.65,3.63,0.99,0.993,0.027,0.027
NM21065,C197245,C197244,4.64,4.67,1.65,1.69,0.047,0.047
NM21065,C197265,C197264,4.68,4.77,1.695,1.74,0.049,0.05
NM21065,C197285,C197284,4.82,4.82,1.54,1.535,0.05,0.051
NM21065,C197305,C197304,7.55,7.32,0.011,0.011,0.044,0.045
NM21065,C197325,C197324,4.17,4.13,0.016,0.016,0.031,0.031
NM21065,C197345,C197344,4.62,4.56,0.012,0.013,0.031,0.031
NM21065,C197364,C197363,5.6,5.5,0.011,0.011,0.035,0.035
NM21065,C197385,C197384,4.5,4.56,0.013,0.014,0.036,0.037
NM21064,C196115,C196114,5.06,5.08,0.042,0.04,0.038,0.038
NM21064,C196135,C196134,5.01,4.86,0.031,0.034,0.04,0.04
NM21064,C196155,C196154,4.6,4.77,0.027,0.025,0.041,0.041
NM21064,C196175,C196174,4.75,4.71,0.048,0.047,0.036,0.036
NM21064,C196196,C196195,4.5,4.58,0.06,0.058,0.03,0.03
NM21064,C196215,C196214,4.74,4.75,0.047,0.046,0.037,0.038
NM21064,C196235,C196234,4.54,4.52,0.052,0.051,0.035,0.035
NM21064,C196255,C196254,4.47,4.48,0.054,0.052,0.034,0.033
NM21064,C196275,C196274,4.95,5,0.06,0.061,0.039,0.039
NM21064,C196295,C196294,6.29,6.21,0.043,0.04,0.047,0.046
NM21064,C196315,C196314,5.08,5.16,0.058,0.056,0.034,0.034
NM21064,C196335,C196334,5.86,5.91,0.054,0.057,0.026,0.027
NM21064,C196354,C196353,6.03,5.5,0.053,0.057,0.031,0.027
NM21064,C196375,C196374,5.77,5.87,0.05,0.051,0.045,0.046
NM21064,C196395,C196394,6,5.95,0.029,0.031,0.028,0.029
NM21064,C196416,C196415,4.07,4.13,0.041,0.039,0.016,0.016
NM21064,C196436,C196435,5.55,5.59,0.032,0.032,0.022,0.022
NM21064,C196455,C196454,6.22,6.49,0.041,0.039,0.025,0.026
NM21064,C196476,C196475,5.5,5.59,0.029,0.03,0.021,0.022
NM21064,C196495,C196494,6.4,6.56,0.04,0.035,0.025,0.026
NM21064,C196515,C196514,6.66,6.57,0.047,0.051,0.027,0.026
NM21064,C196535,C196534,5.79,5.72,0.051,0.054,0.024,0.022
NM21064,C196555,C196554,6.35,6.24,0.051,0.053,0.025,0.024
NM21064,C196575,C196574,4.32,4.29,0.057,0.059,0.017,0.017
NM21064,C196595,C196594,4.28,4.24,0.042,0.041,0.017,0.017
NM21064,C196615,C196614,2.98,3.04,0.076,0.074,0.013,0.013
NM21064,C196635,C196634,3.8,3.79,0.076,0.079,0.016,0.016
NM21064,C196656,C196655,3.21,3.28,0.096,0.088,0.013,0.014
NM21064,C196675,C196674,3.45,3.56,0.095,0.097,0.015,0.014
NM21063,C178905,C178904,3.9,4.04,1.185,1.215,0.034,0.035
NM21063,C178925,C178924,3.7,3.71,0.957,0.953,0.035,0.035
NM21063,C178945,C178944,4.18,4.08,1.115,1.095,0.036,0.035
NM21063,C178966,C178965,4.31,4.24,1.18,1.175,0.036,0.036
NM21063,C178985,C178984,3.46,3.37,0.949,0.916,0.028,0.029
NM21063,C198007,C198006,6.76,6.91,0.429,0.448,0.045,0.045
NM21063,C198025,C198024,5.51,5.51,1.83,1.81,0.046,0.046
NM21063,C198045,C198044,4.88,4.84,1.41,1.39,0.041,0.04
NM21063,C198065,C198064,4.47,4.52,1.35,1.39,0.038,0.036
NM21063,C198085,C198084,4.51,4.55,1.44,1.445,0.037,0.037
NM21063,C198105,C198104,4.81,4.77,1.8,1.795,0.039,0.038
NM21063,C198125,C198124,4.67,4.61,1.52,1.59,0.04,0.038
NM21063,C198145,C198144,4.8,4.74,1.52,1.51,0.041,0.042
NM21063,C198165,C198164,5.09,5.09,1.745,1.72,0.047,0.046
NM21063,C198185,C198184,4.75,4.68,1.195,1.205,0.035,0.035
NM21063,C198205,C198204,5.15,5.18,1.565,1.585,0.047,0.046
NM21063,C198225,C198224,4.6,4.55,1.3,1.29,0.041,0.041
NM21063,C198245,C198244,4.86,4.73,1.64,1.62,0.046,0.045
NM21063,C198265,C198264,4.56,4.55,1.555,1.55,0.042,0.041
NM21063,C198285,C198284,5.38,5.37,0.102,0.09,0.036,0.036
NM21063,C198305,C198304,5.51,5.42,0.022,0.027,0.027,0.027
NM21063,C198325,C198324,5.35,5.33,0.016,0.016,0.035,0.036
NM21063,C198345,C198344,4.63,4.62,0.032,0.031,0.019,0.019
NM21063,C198364,C198363,7.6,7.71,0.02,0.02,0.031,0.031
NM21063,C198386,C198385,2.94,3.05,0.025,0.027,0.013,0.013
NM21062,C195865,C195864,4.47,4.57,1.13,1.175,0.043,0.044
NM21062,C195884,C195883,3.5,3.54,0.158,0.166,0.054,0.054
NM21062,C195905,C195904,5.28,5.33,1.595,1.66,0.051,0.051
NM21062,C195925,C195924,4.61,4.52,1.31,1.26,0.045,0.044
NM21062,C195945,C195944,1.65,1.64,0.463,0.459,0.014,0.013
NM21062,C195966,C195965,3.09,3.13,0.02,0.02,0.018,0.018
NM21062,C195986,C195985,3.76,3.56,0.011,0.011,0.032,0.031
NM21062,C196005,C196004,6.03,5.88,0.013,0.014,0.026,0.025
NM21062,C196025,C196024,2.19,2.73,0.011,0.011,0.012,0.017
NM21062,C196045,C196044,3.42,3.22,0.011,0.011,0.015,0.013
NM21062,C196066,C196065,3.79,3.86,0.021,0.021,0.015,0.015
NM21062,C196085,C196084,7.94,7.63,0.01,0.009,0.032,0.03
NM21062,C196105,C196104,0.54,0.45,0.026,0.029,0.007,0.006
NM21061,C179726,C179725,4.36,4.33,1.13,1.12,0.036,0.036
NM21061,C179746,C179745,4.61,4.65,1.415,1.435,0.041,0.041
NM21061,C179765,C179764,4.61,4.73,1.45,1.475,0.036,0.036
NM21061,C179785,C179784,4.34,4.45,1.22,1.26,0.036,0.038
NM21061,C179805,C179804,5.07,4.93,1.27,1.275,0.042,0.041
NM21061,C179825,C179824,4.13,4.21,1.09,1.115,0.035,0.037
NM21061,C179845,C179844,3.68,3.65,0.946,0.95,0.032,0.032
NM21061,C179865,C179864,4.14,4.23,1.015,1.005,0.035,0.036
NM21061,C179885,C179884,3.77,3.79,0.964,0.974,0.034,0.035
NM21061,C179905,C179904,4.4,4.38,1.125,1.125,0.038,0.036
NM21061,C179925,C179924,2.64,2.74,0.626,0.688,0.02,0.021
NM21061,C179945,C179944,3.61,3.62,1,0.982,0.029,0.03
NM21061,C179965,C179964,3.96,3.92,1.125,1.11,0.035,0.034
NM21061,C179985,C179984,3.85,3.87,1.045,1.045,0.032,0.032
NM21061,C197005,C197004,5.31,5.27,1.38,1.385,0.044,0.043
NM21061,C197025,C197024,3.98,3.95,1.05,1.05,0.034,0.034
NM21060,C179705,C179704,8.24,8.29,0.01,0.01,0.031,0.032
NM21059,C195545,C195544,4.02,4.02,0.023,0.022,0.015,0.016
NM21059,C195565,C195564,4.17,4.02,0.014,0.014,0.015,0.015
NM21059,C195585,C195584,0.87,0.83,0.026,0.024,0.005,0.004
NM21059,C195605,C195604,3.87,3.74,0.018,0.017,0.02,0.019
NM21059,C195625,C195624,2.33,2.38,0.01,0.01,0.017,0.018
NM21059,C195644,C195643,4.53,4.49,1.295,1.29,0.045,0.043
NM21059,C195665,C195664,4.89,4.86,1.535,1.515,0.046,0.047
NM21059,C195685,C195684,2.79,2.72,0.043,0.042,0.022,0.022
NM21059,C195705,C195704,0.84,0.84,0.017,0.017,0.006,0.006
NM21059,C195725,C195724,4.25,4.34,1.44,1.47,0.04,0.042
NM21059,C195745,C195744,2.01,2.03,0.02,0.02,0.012,0.012
NM21059,C195765,C195764,4.09,4.09,0.016,0.016,0.031,0.03
NM21059,C195785,C195784,4.87,4.82,0.016,0.016,0.033,0.034
NM21059,C195805,C195804,6.73,6.79,0.013,0.013,0.045,0.044
NM21059,C195827,C195826,2.99,2.93,0.039,0.039,0.022,0.021
NM21059,C195845,C195844,6.03,6.03,0.021,0.021,0.036,0.037
NM21058,C178587,C178586,4.56,4.53,0.06,0.059,0.036,0.035
NM21058,C178605,C178604,4.84,5.48,0.045,0.045,0.043,0.048
NM21058,C178625,C178624,5.26,5.29,0.025,0.026,0.043,0.043
NM21058,C178645,C178644,4.15,4.17,0.037,0.036,0.029,0.029
NM21058,C178665,C178664,3.45,3.49,0.028,0.027,0.026,0.027
NM21058,C178684,C178683,6.62,6.55,2.26,2.25,0.066,0.066
NM21058,C178706,C178705,6.94,7.01,2.19,2.22,0.07,0.068
NM21058,C178725,C178724,6.52,6.44,2.22,2.2,0.063,0.062
NM21058,C178745,C178744,7.35,7.32,1.875,1.87,0.076,0.075
NM21058,C178766,C178765,6.7,6.69,1.89,1.91,0.066,0.065
NM21058,C178787,C178786,2.52,3.15,0.053,0.055,0.016,0.018
NM21058,C178805,C178804,3.38,3.51,0.033,0.033,0.012,0.012
NM21058,C178825,C178824,3.58,3.66,0.037,0.037,0.013,0.013
NM21058,C178845,C178844,3.7,3.68,0.043,0.042,0.013,0.012
NM21058,C178865,C178864,3.32,3.31,0.044,0.044,0.012,0.011
NM21058,C178885,C178884,2.89,2.87,0.044,0.042,0.011,0.011
NM21058,C198406,C198405,3.11,3.13,0.049,0.05,0.012,0.011
NM21058,C198427,C198426,2.96,2.9,0.047,0.045,0.011,0.011
NM21058,C198444,C198443,3.01,2.96,0.045,0.042,0.011,0.01
NM21057,C179455,C179454,4.06,4.06,0.013,0.013,0.015,0.016
NM21057,C179475,C179474,5.67,5.63,0.015,0.015,0.022,0.021
NM21057,C179495,C179494,3.74,3.6,0.012,0.012,0.033,0.03
NM21057,C179515,C179514,5.07,5.07,0.011,0.011,0.02,0.02
NM21057,C179535,C179534,1.78,1.76,0.017,0.016,0.008,0.008
NM21057,C179555,C179554,2.05,1.95,0.016,0.016,0.01,0.01
NM21057,C179575,C179574,2.26,2.21,0.02,0.02,0.01,0.01
NM21057,C179595,C179594,6.92,6.88,0.011,0.011,0.034,0.034
NM21057,C179615,C179614,5.23,5.13,0.011,0.011,0.027,0.026
NM21057,C179635,C179634,6.25,6.22,0.013,0.013,0.031,0.03
NM21057,C179655,C179654,5.95,6.12,0.013,0.013,0.029,0.028
NM21057,C179675,C179674,4.48,4.56,0.015,0.015,0.022,0.021
NM21057,C179685,C179684,3.08,3.35,0.024,0.026,0.015,0.016
NM20056,C195185,C195184,2.07,2.06,0.021,0.022,0.014,0.015
NM20056,C195205,C195204,2.5,2.81,0.024,0.025,0.02,0.023
NM20056,C195225,C195224,2.28,2.16,0.024,0.029,0.012,0.011
NM20056,C195245,C195244,4.62,4.59,1.695,1.69,0.046,0.044
NM20056,C195264,C195263,2.59,2.48,0.015,0.017,0.015,0.014
NM20056,C195285,C195284,4.15,4.11,0.017,0.017,0.031,0.031
NM20056,C195305,C195304,4.68,4.57,0.015,0.015,0.031,0.031
NM20056,C195325,C195324,5.69,5.64,0.018,0.019,0.036,0.035
NM20056,C195345,C195344,2.92,3.14,0.015,0.016,0.022,0.023
NM20056,C195366,C195365,4.39,4.33,0.011,0.011,0.046,0.045
NM20056,C195385,C195384,4.74,4.68,0.056,0.053,0.034,0.034
NM20056,C195405,C195404,4.3,4.31,0.034,0.034,0.027,0.028
NM20056,C195425,C195424,5.03,5.03,0.021,0.021,0.038,0.038
NM20056,C195445,C195444,4.84,4.83,0.016,0.015,0.039,0.038
NM20056,C195465,C195464,5.02,4.99,0.017,0.018,0.039,0.039
NM20056,C195484,C195483,5.05,5.02,0.017,0.018,0.038,0.038
NM20056,C195505,C195504,4.95,5.03,0.017,0.017,0.039,0.038
NM20056,C195525,C195524,5.09,5.06,0.013,0.013,0.039,0.038
NM20055,C179177,C179176,3.45,3.47,0.044,0.043,0.012,0.013
NM20055,C179194,C179193,3.5,3.47,0.038,0.038,0.013,0.013
NM20055,C179213,C179212,5.12,4.97,0.033,0.033,0.023,0.021
NM20055,C179239,C179238,4.62,4.58,1.45,1.435,0.043,0.043
NM20055,C179255,C179254,4.46,4.47,1.635,1.635,0.042,0.043
NM20055,C179272,C179271,4.15,4.13,1.565,1.555,0.04,0.041
NM20055,C179293,C179292,3.02,2.97,1.07,1.09,0.028,0.027
NM20055,C179314,C179313,3.73,3.72,0.034,0.034,0.028,0.027
NM20055,C179332,C179331,4.57,4.63,0.045,0.043,0.032,0.033
NM20055,C179353,C179352,3.67,3.71,0.054,0.055,0.027,0.027
NM20055,C179374,C179373,4.51,4.45,0.049,0.049,0.032,0.032
NM20055,C179394,C179393,4.07,4.03,0.058,0.06,0.03,0.031
NM20055,C179412,C179411,5.76,5.71,0.046,0.046,0.045,0.043
NM20055,C179437,C179436,7.02,7.02,0.032,0.032,0.053,0.053
NM20054,C178266,C178265,3.13,3.37,0.522,0.499,0.023,0.025
NM20054,C178286,C178285,2.08,2.34,0.12,0.142,0.016,0.017
NM20054,C178305,C178304,5.61,5.63,1.39,1.38,0.048,0.048
NM20054,C178326,C178325,7.13,7.57,1.2,1.07,0.049,0.054
NM20054,C178346,C178345,3.97,4.22,0.915,0.878,0.028,0.03
NM20054,C178367,C178366,2.02,2.14,0.184,0.17,0.009,0.009
NM20054,C178384,C178383,1.76,1.72,0.154,0.16,0.014,0.013
NM20054,C178407,C178406,10.8,10.9,0.233,0.218,0.082,0.085
NM20054,C178425,C178424,9.72,10.05,0.333,0.305,0.067,0.071
NM20054,C178445,C178444,9.25,10.2,0.205,0.211,0.081,0.087
NM20054,C178465,C178464,5.78,6.76,0.375,0.402,0.024,0.026
NM20054,C178485,C178484,3.44,3.03,0.499,0.335,0.025,0.021
NM20054,C178505,C178504,4.36,5.29,0.422,0.52,0.029,0.034
NM20054,C178525,C178524,4.73,4.68,1.165,1.145,0.031,0.031
NM20054,C178544,C178543,4.05,3.99,0.853,0.833,0.024,0.024
NM20054,C178567,C178566,1.35,1.33,0.292,0.285,0.002,0.002
NM20053,C177867,C177866,5.93,5.87,0.012,0.011,0.023,0.023
NM20053,C177885,C177884,5.2,4.74,0.018,0.021,0.021,0.018
NM20053,C177905,C177904,2.67,2.43,0.011,0.011,0.015,0.016
NM20053,C177925,C177924,1.81,1.9,0.014,0.013,0.01,0.011
NM20053,C177945,C177944,2.19,2.29,0.014,0.014,0.008,0.009
NM20053,C177966,C177965,2.37,2.29,0.021,0.021,0.01,0.008
NM20053,C177985,C177984,1.39,1.54,0.011,0.012,0.008,0.009
NM20053,C195006,C195005,3.26,3.23,0.015,0.015,0.016,0.017
NM20053,C195025,C195024,6.9,6.78,0.014,0.014,0.029,0.029
NM20053,C195045,C195044,5.8,5.78,0.014,0.014,0.04,0.038
NM20053,C195065,C195064,5.38,5.42,0.013,0.013,0.034,0.034
NM20053,C195086,C195085,3.34,3.4,0.019,0.018,0.025,0.025
NM20053,C195105,C195104,1.04,1.05,0.056,0.058,0.023,0.024
NM20053,C195125,C195124,6.2,6.29,1.89,1.905,0.062,0.059
NM20053,C195146,C195145,4.65,4.69,1.135,1.15,0.038,0.039
NM20053,C195166,C195165,2.6,2.66,0.374,0.375,0.034,0.038
NM20050,C176690,C176689,4.37,4.34,1.22,1.235,0.039,0.039
NM20050,C176711,C176710,4.77,4.74,1.545,1.56,0.051,0.05
NM20050,C176730,C176729,4.02,4.36,1.145,1.25,0.041,0.043
NM20050,C176750,C176749,5.15,5.24,1.345,1.335,0.038,0.039
NM20050,C176770,C176769,5.58,5.7,1.2,1.18,0.052,0.053
NM20050,C176790,C176789,8.65,8.61,0.014,0.015,0.045,0.045
NM20050,C176810,C176809,9.1,8.94,0.029,0.047,0.05,0.047
NM20050,C176832,C176831,4.35,4.29,0.013,0.013,0.018,0.018
NM20052,C178027,C178026,4.7,4.45,1.24,1.185,0.026,0.026
NM20052,C178045,C178044,3.05,3.13,0.384,0.426,0.024,0.026
NM20052,C178065,C178064,4.21,4.16,0.45,0.432,0.024,0.022
NM20052,C178085,C178084,3.05,3.22,0.368,0.466,0.018,0.019
NM20052,C178105,C178104,5.4,5.37,1.605,1.67,0.032,0.033
NM20052,C178126,C178125,2.15,2.25,0.194,0.215,0.016,0.015
NM20052,C178146,C178145,2.44,2.64,0.12,0.112,0.011,0.012
NM20052,C178165,C178164,2.98,2.26,0.56,0.436,0.017,0.012
NM20052,C178186,C178185,6.33,6.46,0.267,0.182,0.027,0.025
NM20052,C178206,C178205,2.55,2.47,0.19,0.154,0.012,0.013
NM20052,C178226,C178225,3.55,3.1,0.049,0.053,0.013,0.012
NM20052,C178246,C178245,1.85,1.86,0.02,0.023,0.035,0.035
NM20051,C176913,C176912,3.68,3.72,0.039,0.041,0.013,0.013
NM20051,C176929,C176928,2.08,2.04,0.039,0.04,0.008,0.007
NM20051,C176955,C176954,6.42,5.9,0.05,0.046,0.038,0.035
NM20051,C176974,C176973,4.35,4.49,1.405,1.465,0.043,0.044
NM20051,C176995,C176994,4.38,4.43,1.655,1.68,0.042,0.042
NM20051,C179013,C179012,4.27,4.24,1.385,1.375,0.033,0.033
NM20051,C179033,C179032,5.66,5.52,1.685,1.685,0.054,0.054
NM20051,C179056,C179055,5.93,5.86,1.97,1.97,0.058,0.057
NM20051,C179073,C179072,6.67,6.66,1.66,1.655,0.067,0.069
NM20051,C179093,C179092,6.16,6.14,1.775,1.775,0.062,0.061
NM20051,C179113,C179112,6.34,6.29,1.785,1.77,0.062,0.063
NM20051,C179137,C179136,6.12,5.96,2.07,2.08,0.056,0.058
NM20051,C179157,C179156,6.09,6.05,0.072,0.064,0.044,0.044
NM20049,C175727,C175726,6.61,6.76,1.93,1.95,0.064,0.067
NM20049,C175745,C175744,6.9,7,1.93,1.975,0.068,0.069
NM20049,C175766,C175765,6.95,6.97,2.27,2.3,0.066,0.07
NM20049,C175785,C175784,3.79,3.86,0.019,0.021,0.019,0.02
NM20049,C175804,C175803,3.39,3.41,0.024,0.025,0.024,0.024
NM20049,C175825,C175824,4.3,4.27,0.033,0.032,0.027,0.027
NM20049,C175845,C175844,5.88,5.84,0.032,0.032,0.037,0.038
NM20049,C175866,C175865,4.53,4.55,0.036,0.038,0.034,0.034
NM20049,C175885,C175884,6,6.04,0.034,0.033,0.045,0.046
NM20049,C175905,C175904,5.94,5.83,0.022,0.024,0.043,0.041
NM20049,C175925,C175924,6.13,6.05,0.038,0.036,0.044,0.044
NM20049,C175946,C175945,4.93,5.01,0.036,0.036,0.037,0.037
NM20049,C175966,C175965,4.91,4.98,0.023,0.022,0.039,0.039
NM20049,C175986,C175985,6.47,6.38,0.015,0.015,0.05,0.049
NM20049,C178005,C178004,4.72,4.72,0.036,0.037,0.036,0.037
NM20048,C177505,C177504,5.37,5.4,1.62,1.61,0.03,0.033
NM20048,C177525,C177524,2.15,2.26,0.162,0.175,0.038,0.036
NM20048,C177545,C177544,1.59,1.62,0.126,0.112,0.036,0.035
NM20048,C177566,C177565,4.85,4.87,1.55,1.565,0.029,0.028
NM20048,C177585,C177584,5.16,5.29,1.61,1.645,0.031,0.033
NM20048,C177605,C177604,4.51,4.59,1.385,1.395,0.026,0.027
NM20048,C177625,C177624,2.89,2.72,0.148,0.17,0.039,0.039
NM20048,C177645,C177644,5.37,5.38,1.62,1.625,0.038,0.04
NM20048,C177665,C177664,5.62,5.61,1.78,1.76,0.05,0.049
NM20048,C177685,C177684,4.94,4.94,1.49,1.505,0.04,0.04
NM20048,C177705,C177704,5.23,5.24,1.685,1.665,0.044,0.043
NM20048,C177724,C177723,5.22,5.32,1.845,1.875,0.044,0.045
NM20048,C177745,C177744,4.82,4.85,1.595,1.655,0.037,0.037
NM20048,C177766,C177765,5.4,5.37,1.76,1.755,0.047,0.046
NM20048,C177785,C177784,5.34,5.16,1.58,1.535,0.045,0.043
NM20048,C177805,C177804,4.75,4.82,1.485,1.495,0.036,0.036
NM20048,C177825,C177824,5.04,5,1.425,1.425,0.044,0.043
NM20048,C177845,C177844,4.65,4.61,1.17,1.145,0.042,0.043
NM20047,C176390,C176389,3.84,3.85,0.727,0.727,0.027,0.027
NM20047,C176410,C176409,4.84,4.89,1.85,1.855,0.051,0.051
NM20047,C176430,C176429,4.9,4.8,1.84,1.805,0.05,0.049
NM20047,C176450,C176449,5,4.91,0.013,0.016,0.036,0.036
NM20047,C176470,C176469,4.08,4.06,0.021,0.02,0.031,0.031
NM20047,C176491,C176490,4.67,4.69,0.017,0.017,0.032,0.034
NM20047,C176510,C176509,6.36,6.28,0.01,0.01,0.05,0.05
NM20047,C176530,C176529,4.29,4.25,0.016,0.017,0.033,0.032
NM20047,C176550,C176549,5.74,5.67,0.01,0.01,0.048,0.046
NM20047,C176570,C176569,4.95,5.02,0.015,0.015,0.034,0.036
NM20047,C176590,C176589,4.9,4.94,0.017,0.016,0.038,0.036
NM20047,C176610,C176609,4.41,4.41,0.018,0.018,0.034,0.035
NM20047,C176630,C176629,5.1,5.08,0.016,0.016,0.04,0.039
NM20047,C176650,C176649,5.24,4.92,0.016,0.017,0.04,0.038
NM20047,C176670,C176669,4.88,5,0.014,0.014,0.039,0.039
NM20046,C176311,C176310,4.37,4.34,0.023,0.021,0.04,0.04
NM20046,C176330,C176329,3.91,4.15,1.295,1.38,0.039,0.041
NM20046,C176350,C176349,3.14,2.95,0.02,0.02,0.021,0.021
NM20046,C176370,C176369,2.31,2.11,0.083,0.076,0.019,0.017
NM20046,D024542,D024541,0.19,0.24,0.017,0.017,0.0005,0.001
NM20046,D024564,D024563,5.54,5.59,0.009,0.009,0.029,0.027
NM20045,C175334,C175333,4.1,4.13,1.655,1.67,0.041,0.041
NM20045,C175347,C175346,3.83,3.82,1.485,1.485,0.038,0.037
NM20045,C175364,C175363,3.77,3.77,1.515,1.49,0.037,0.038
NM20045,C175385,C175384,4.29,4.25,1.575,1.55,0.042,0.043
NM20045,C175403,C175402,4.19,4.12,1.55,1.51,0.042,0.042
NM20045,C175426,C175425,4.1,4.14,1.485,1.5,0.043,0.043
NM20045,C175444,C175443,4.43,4.4,1.585,1.58,0.044,0.044
NM20045,C175464,C175463,4.16,4.16,1.545,1.55,0.043,0.043
NM20045,C175486,C175485,4.29,4.39,1.555,1.56,0.041,0.041
NM20045,C175508,C175507,4.27,4.34,1.44,1.46,0.041,0.041
NM20045,C175524,C175523,4.62,4.54,1.455,1.435,0.045,0.044
NM20045,C175543,C175542,7.26,7.31,2.23,2.21,0.065,0.065
NM20045,C175564,C175563,6.72,6.75,2.16,2.16,0.061,0.061
NM20045,C175587,C175586,4.11,4.19,1.475,1.49,0.04,0.04
NM20045,C175605,C175604,4.34,4.24,1.355,1.35,0.042,0.041
NM20045,C175623,C175622,2.34,2.35,0.298,0.305,0.013,0.013
NM20045,C175643,C175642,4.47,4.4,1.26,1.285,0.036,0.036
NM20045,C175666,C175665,4.66,4.7,1.45,1.455,0.044,0.045
NM20045,C175685,C175684,4.63,4.58,1.45,1.45,0.046,0.044
NM20045,C175704,C175703,4.68,4.63,1.53,1.545,0.045,0.044
NM20044,C177167,C177166,4.58,4.85,0.023,0.021,0.019,0.02
NM20044,C177185,C177184,2.8,2.96,0.046,0.046,0.01,0.011
NM20044,C177205,C177204,3.25,3.2,0.033,0.034,0.012,0.012
NM20044,C177225,C177224,3.49,3.64,0.028,0.027,0.012,0.014
NM20044,C177245,C177244,1.86,1.7,0.014,0.014,0.029,0.03
NM20044,C177265,C177264,4.45,4.46,1.365,1.41,0.047,0.046
NM20044,C177285,C177284,4.64,4.6,1.48,1.48,0.05,0.049
NM20044,C177305,C177304,4.19,4.21,1.52,1.525,0.043,0.043
NM20044,C177325,C177324,4.27,4.23,1.55,1.56,0.046,0.045
NM20044,C177345,C177344,4.5,4.5,1.62,1.615,0.047,0.047
NM20044,C177365,C177364,4.52,4.56,1.63,1.65,0.047,0.048
NM20044,C177383,C177382,4.23,4.25,1.495,1.51,0.04,0.04
NM20044,C177405,C177404,4.9,4.81,0.015,0.016,0.031,0.03
NM20044,C177425,C177424,3.43,3.44,0.015,0.014,0.027,0.026
NM20044,C177447,C177446,4.78,4.78,0.029,0.028,0.031,0.031
NM20044,C177465,C177464,5.89,5.85,0.014,0.015,0.049,0.049
NM20044,C177485,C177484,4.99,4.98,0.019,0.019,0.041,0.041
NM20043,C176114,C176113,3.55,3.33,0.016,0.015,0.026,0.024
NM20043,C176130,C176129,7.1,6.89,0.491,0.494,0.038,0.038
NM20043,C176150,C176149,4.17,4.31,0.829,0.851,0.038,0.039
NM20043,C176170,C176169,4.19,4.27,1.325,1.33,0.043,0.042
NM20043,C176190,C176189,4.56,4.59,1.67,1.7,0.046,0.045
NM20043,C176210,C176209,4.36,4.43,1.61,1.66,0.043,0.044
NM20043,C176230,C176229,4.1,4.08,1.48,1.46,0.04,0.04
NM20043,C176250,C176249,5.07,4.93,2.05,2,0.048,0.048
NM20043,C176272,C176271,3.99,4.02,0.017,0.016,0.029,0.03
NM20043,C176290,C176289,4.69,4.71,0.012,0.013,0.033,0.035
NM20042,B452345,B452344,4.77,4.76,0.802,0.755,0.035,0.035
NM20042,B452365,B452364,4.05,4.04,1.375,1.365,0.038,0.038
NM20042,B452384,B452383,2.95,2.98,0.034,0.031,0.015,0.015
NM20042,B452404,B452403,4.07,4.03,0.04,0.042,0.025,0.024
NM20042,B452425,B452424,5.81,5.82,0.027,0.028,0.054,0.054
NM20042,B452445,B452444,5.02,4.87,0.058,0.064,0.021,0.021
NM20042,B452464,B452463,4.78,4.68,0.047,0.045,0.021,0.02
NM20042,B452485,B452484,3,2.93,0.085,0.065,0.011,0.012
NM20042,C177005,C177004,3.35,3.43,0.059,0.058,0.013,0.014
NM20042,C177025,C177024,6.39,6.48,1.67,1.69,0.066,0.067
NM20042,C177044,C177043,6.37,6.43,1.86,1.855,0.068,0.069
NM20042,C177065,C177064,4.73,4.72,1.64,1.635,0.047,0.048
NM20042,C177085,C177084,3.93,3.97,1.405,1.4,0.039,0.039
NM20042,C177105,C177104,5.56,5.25,1.66,1.6,0.058,0.055
NM20042,C177125,C177124,5.22,5.3,0.057,0.053,0.035,0.039
NM20042,C177145,C177144,4.97,4.92,0.05,0.052,0.038,0.039
NM20041,B450965,B450964,4.4,4.38,1.265,1.26,0.038,0.038
NM20041,B450985,B450984,4.27,4.21,1.17,1.165,0.038,0.036
NM20041,C175004,C175003,4.46,4.59,1.34,1.36,0.036,0.038
NM20041,C175025,C175024,3.94,3.93,0.995,0.993,0.028,0.029
NM20041,C175045,C175044,3.65,3.58,0.963,0.925,0.032,0.031
NM20041,C175065,C175064,4.32,4.37,1.12,1.14,0.036,0.037
NM20041,C175085,C175084,4.39,4.29,1.1,1.08,0.038,0.038
NM20041,C175105,C175104,3.75,3.65,1.02,0.998,0.034,0.034
NM20041,C175125,C175124,3.85,3.81,0.967,0.959,0.034,0.034
NM20041,C175145,C175144,4.24,4.31,1.11,1.13,0.038,0.037
NM20041,C175165,C175164,3.02,2.94,0.757,0.754,0.024,0.022
NM20041,C175185,C175184,2.45,2.47,0.637,0.636,0.022,0.021
NM20041,C175206,C175205,3.84,3.79,0.957,0.945,0.032,0.032
NM20041,C175225,C175224,3.73,3.77,0.998,1.025,0.032,0.032
NM20041,C175248,C175247,4.18,4.09,1.09,1.015,0.037,0.037
NM20041,C175264,C175263,4.13,4.15,1.225,1.215,0.038,0.038
NM20041,C175284,C175283,4.01,4.03,1.12,1.125,0.035,0.036
NM20041,C175305,C175304,4.33,4.26,1.185,1.205,0.038,0.038
NM20040,B451852,B451851,3.03,2.95,0.028,0.026,0.01,0.01
NM20040,B451870,B451869,3.29,3.34,0.018,0.018,0.012,0.012
NM20040,B451890,B451889,1.64,1.76,0.016,0.016,0.007,0.007
NM20040,D024608,D024607,2.31,2.06,0.014,0.014,0.016,0.015
NM20040,B451910,B451909,5.01,4.96,1.475,1.49,0.05,0.05
NM20040,B451930,B451929,4.83,4.7,1.46,1.435,0.048,0.047
NM20040,B451950,B451949,3.39,3.56,0.925,0.898,0.026,0.028
NM20040,B451970,B451969,4.55,4.41,1.7,1.68,0.045,0.044
NM20040,B451991,B451990,4.64,4.65,1.805,1.795,0.045,0.046
NM20040,C176010,C176009,3.85,3.98,0.015,0.015,0.022,0.022
NM20040,C176030,C176029,4.06,4.02,0.016,0.016,0.031,0.03
NM20040,C176050,C176049,4.91,4.97,0.014,0.014,0.035,0.036
NM20040,C176070,C176069,6.05,6,0.013,0.012,0.035,0.037
NM20040,C176090,C176089,3.05,3.18,0.022,0.02,0.024,0.02
NM20039,B450785,B450784,5.05,5.07,1.625,1.625,0.021,0.02
NM20039,B450805,B450804,5.13,5.12,1.565,1.57,0.024,0.024
NM20039,B450825,B450824,5.84,5.8,1.75,1.73,0.028,0.027
NM20039,B450846,B450845,4.75,4.67,1.595,1.585,0.022,0.02
NM20039,B450865,B450864,6.55,6.74,1.76,1.77,0.032,0.032
NM20039,B450885,B450884,5.69,5.67,1.51,1.515,0.031,0.031
NM20039,B450905,B450904,3.97,4.06,1.01,1.07,0.027,0.027
NM20039,B450925,B450924,1.68,1.4,0.235,0.242,0.01,0.008
NM20039,B450945,B450944,4.93,4.89,1.575,1.545,0.029,0.029
NM20038,B451630,B451629,0.65,0.67,0.014,0.015,0.008,0.008
NM20038,B451650,B451649,4.53,4.47,0.018,0.019,0.018,0.017
NM20038,B451671,B451670,4.54,4.61,0.025,0.025,0.017,0.017
NM20038,B451690,B451689,3.26,3.34,0.029,0.029,0.012,0.012
NM20038,B451710,B451709,3.19,3.17,0.022,0.022,0.011,0.011
NM20038,B451730,B451729,1.72,1.6,0.053,0.056,0.01,0.009
NM20038,B451750,B451749,4.15,4.26,1.27,1.3,0.038,0.041
NM20038,B451770,B451769,4.41,4.33,1.4,1.405,0.044,0.042
NM20038,B451790,B451789,4.43,4.46,1.635,1.645,0.045,0.043
NM20038,B451809,B451808,3.93,3.83,1.47,1.455,0.039,0.04
NM20038,B451830,B451829,3.98,3.9,1.445,1.435,0.042,0.041
NM20038,C178261,B451849,4.42,4.39,0.015,0.016,0.026,0.025
NM20038,D024590,D024589,4.79,4.86,0.014,0.015,0.041,0.043
NM20037,B451510,B451509,4.81,4.94,1.445,1.515,0.039,0.041
NM20037,B451530,B451529,4.5,4.54,1.48,1.515,0.047,0.046
NM20037,B451551,B451550,3.78,3.8,0.905,0.895,0.027,0.027
NM20037,B451570,B451569,4.46,4.45,1.28,1.275,0.037,0.037
NM20037,B451591,B451590,6.19,6.2,0.012,0.012,0.034,0.033
NM20037,B451610,B451609,0.99,1.38,0.014,0.014,0.01,0.013
NM20036,B450445,B450444,5.28,5.26,1.525,1.535,0.026,0.025
NM20036,B450465,B450464,5.06,5.08,1.52,1.53,0.021,0.021
NM20036,B450485,B450484,4.28,4.25,1.21,1.18,0.022,0.022
NM20036,B450505,B450504,6.28,6.34,1.88,1.88,0.031,0.03
NM20036,B450525,B450524,4.81,4.66,1.635,1.58,0.021,0.022
NM20036,B450545,B450544,4.3,4.47,1.305,1.37,0.02,0.021
NM20036,B450565,B450564,4.41,4.46,1.43,1.435,0.027,0.028
NM20036,B450585,B450584,6.66,6.68,1.84,1.84,0.035,0.036
NM20036,B450605,B450604,6.34,6.36,1.615,1.645,0.035,0.034
NM20036,B450625,B450624,7.42,7.38,1.775,1.775,0.041,0.041
NM20036,B450645,B450644,0.71,1.42,0.676,0.821,0.005,0.009
NM20036,B450665,B450664,7.51,7.5,1.935,1.995,0.045,0.043
NM20036,B450685,B450684,6.16,6.17,1.735,1.745,0.039,0.038
NM20036,B450705,B450704,6.46,6.52,1.9,1.92,0.043,0.044
NM20036,B450726,B450725,6.05,6.17,1.79,1.815,0.041,0.042
NM20036,B450745,B450744,2.43,2.32,0.145,0.139,0.043,0.041
NM20036,B450765,B450764,4.52,4.44,1.345,1.31,0.035,0.034
NM20035,B450385,B450384,8.35,8.09,0.054,0.056,0.044,0.042
NM20035,B450405,B450404,7.29,7.24,0.048,0.047,0.033,0.032
NM20035,B450425,B450424,5.17,5.06,0.056,0.058,0.022,0.022
NM20034,B449985,B449984,3.7,3.79,1.05,1.07,0.034,0.036
NM20034,B452005,B452004,4.14,3.6,1.12,1.015,0.037,0.029
NM20034,B452024,B452023,4.11,4.24,1.205,1.235,0.036,0.037
NM20034,B452046,B452045,3.72,3.84,1.075,1.08,0.032,0.034
NM20034,B452065,B452064,3.39,3.33,0.931,0.898,0.032,0.034
NM20034,B452085,B452084,3.58,3.66,1.05,1.05,0.03,0.03
NM20034,B452105,B452104,3.65,3.69,1.03,1.06,0.032,0.032
NM20034,B452126,B452125,4.45,4.31,1.19,1.17,0.036,0.034
NM20034,B452145,B452144,4.54,4.61,1.315,1.31,0.034,0.034
NM20034,B452165,B452164,4.48,4.47,1.23,1.24,0.034,0.033
NM20034,B452185,B452184,4.74,4.75,1.32,1.3,0.034,0.033
NM20034,B452205,B452204,4.12,4,1.125,1.125,0.028,0.028
NM20034,B452225,B452224,3.63,3.91,0.955,1.04,0.024,0.026
NM20034,B452244,B452243,4.48,4.5,1.235,1.245,0.029,0.029
NM20034,B452266,B452265,4.8,4.84,1.18,1.195,0.032,0.032
NM20034,B452285,B452284,4.47,4.53,1.24,1.27,0.03,0.03
NM20034,B452305,B452304,4.4,4.42,1.26,1.285,0.029,0.03
NM20034,B452327,B452326,4.35,4.31,1.2,1.185,0.028,0.027
NM20033,B451330,B451329,4.34,4.3,1.38,1.39,0.042,0.041
NM20033,B451350,B451349,3.95,4.01,0.741,0.739,0.022,0.023
NM20033,B451370,B451369,5.23,5.31,1.93,1.955,0.052,0.052
NM20033,B451390,B451389,4.47,4.53,1.61,1.63,0.044,0.046
NM20033,B451411,B451410,3.56,3.59,0.019,0.018,0.018,0.019
NM20033,B451430,B451429,4.73,4.68,0.018,0.019,0.036,0.037
NM20033,B451451,B451450,5.12,5.09,0.014,0.014,0.04,0.04
NM20033,B451471,B451470,4.66,4.66,0.012,0.012,0.04,0.039
NM20033,B451490,B451489,5.26,5.24,0.012,0.012,0.04,0.04
NM20032,B451170,B451169,4.93,4.92,1.61,1.55,0.049,0.05
NM20032,B451190,B451189,4.77,4.65,1.47,1.41,0.047,0.046
NM20032,B451210,B451209,5.14,5.26,1.72,1.75,0.051,0.053
NM20032,B451230,B451229,6.59,6.6,2.16,2.16,0.067,0.064
NM20032,B451251,B451250,6.38,6.47,2.23,2.32,0.063,0.064
NM20032,B451270,B451269,4.28,4.28,0.018,0.019,0.025,0.025
NM20032,B451290,B451289,4.84,4.85,0.015,0.016,0.04,0.038
NM20032,B451310,B451309,5.52,5.55,0.012,0.012,0.044,0.046
NM20031,B450125,B450124,6.99,7,0.041,0.041,0.049,0.05
NM20031,B450147,B450146,4.46,4.41,0.08,0.078,0.033,0.033
NM20031,B450165,B450164,7.21,7.26,0.033,0.031,0.052,0.051
NM20031,B450184,B450183,4.47,4.47,0.052,0.051,0.034,0.034
NM20031,B450205,B450204,4.37,4.51,0.081,0.085,0.033,0.034
NM20031,B450225,B450224,5.16,5.04,0.023,0.025,0.048,0.047
NM20031,B450245,B450244,4.11,3.97,0.044,0.044,0.035,0.033
NM20031,B450265,B450264,6.54,6.51,1.955,1.945,0.065,0.064
NM20031,B450285,B450284,6.09,6.1,1.745,1.765,0.061,0.06
NM20031,B450305,B450304,6.8,6.71,2.05,2.07,0.065,0.063
NM20031,B450325,B450324,6.83,6.82,1.89,1.885,0.07,0.07
NM20031,B450345,B450344,5.58,5.47,0.019,0.025,0.058,0.058
NM20031,B450365,B450364,3.52,3.56,0.05,0.046,0.015,0.015
NM20030,B451084,B451083,5.3,5.26,0.065,0.068,0.034,0.034
NM20030,B451103,B451102,7.42,7.45,0.06,0.058,0.037,0.036
NM20030,B451124,B451123,4.83,4.81,0.068,0.079,0.021,0.021
NM20030,B451144,B451143,6.19,6.13,0.053,0.054,0.026,0.026
NM20029,B449745,B449744,4.13,4.27,0.061,0.06,0.015,0.015
NM20029,B449760,B449759,2.99,2.99,0.068,0.066,0.011,0.012
NM20029,B449785,B449784,3.42,3.41,0.046,0.049,0.013,0.013
NM20029,B449806,B449805,5.03,4.99,0.039,0.045,0.03,0.03
NM20029,B449825,B449824,3.95,3.97,1.29,1.295,0.036,0.038
NM20029,B449845,B449844,3.76,3.74,1.39,1.435,0.034,0.034
NM20029,B449865,B449864,7.48,6.72,1.46,1.435,0.085,0.077
NM20029,B449885,B449884,6.51,6.46,1.72,1.735,0.066,0.064
NM20029,B449905,B449904,6.68,6.68,2.04,2.03,0.066,0.067
NM20029,B449925,B449924,4.28,4.3,0.067,0.057,0.029,0.029
NM20029,B449945,B449944,5.65,5.61,0.042,0.041,0.046,0.045
NM20029,B449963,B449962,5.36,5.26,0.041,0.036,0.042,0.042
NM20027,B419826,B419825,6.24,6.33,0.055,0.059,0.04,0.044
NM20027,B419845,B419844,7.97,7.96,0.039,0.039,0.063,0.064
NM20027,B419865,B419864,7.5,7.5,0.044,0.046,0.061,0.059
NM20027,B419885,B419884,5.04,5.29,0.055,0.057,0.034,0.036
NM20027,B419905,B419904,4.39,4.35,0.078,0.102,0.032,0.032
NM20027,B419925,B419924,5.91,5.92,0.055,0.051,0.037,0.036
NM20027,B419945,B419944,3.75,3.74,0.045,0.047,0.028,0.029
NM20027,B419965,B419964,1.89,1.99,0.026,0.018,0.031,0.033
NM20027,B419985,B419984,3.25,3.38,1.165,1.21,0.034,0.034
NM20027,B451005,B451004,4.1,4.11,1.5,1.52,0.041,0.04
NM20027,B451026,B451025,3.4,3.38,0.061,0.061,0.012,0.012
NM20027,B451045,B451044,3.78,3.89,0.07,0.068,0.014,0.014
NM20027,B451066,B451065,5.09,5.08,0.052,0.053,0.021,0.02
NM20028,B418810,B418809,6.94,6.59,0.046,0.049,0.039,0.037
NM20028,B418830,B418829,6.12,5.97,0.058,0.058,0.041,0.041
NM20028,B418850,B418849,8.1,8.15,0.031,0.03,0.061,0.063
NM20028,B418870,B418869,5.62,5.53,0.051,0.054,0.043,0.041
NM20028,B418890,B418889,4.67,4.75,0.084,0.082,0.032,0.034
NM20028,B418910,B418909,4.12,4.16,0.078,0.087,0.031,0.031
NM20028,B418930,B418929,4.99,5.13,0.045,0.044,0.038,0.038
NM20028,B418950,B418949,5.25,5.46,1.75,1.8,0.054,0.054
NM20028,B418970,B418969,6.27,6.4,1.46,1.47,0.052,0.053
NM20028,B418990,B418989,6.23,6.31,1.89,1.87,0.061,0.062
NM20028,B450010,B450009,6.63,6.64,1.69,1.715,0.073,0.066
NM20028,B450030,B450029,6.9,6.98,1.685,1.75,0.073,0.073
NM20028,B450050,B450049,5.41,5.32,1.525,1.55,0.057,0.056
NM20028,B450070,B450069,4.38,4.35,1.41,1.435,0.043,0.043
NM20028,B450090,B450089,4.07,4.11,1.31,1.285,0.043,0.042
NM20028,B450110,B450109,2.09,2.13,0.051,0.052,0.009,0.008
NM20025,B449401,B449400,4.21,4.21,1.41,1.42,0.035,0.035
NM20025,B449420,B449419,4.89,4.8,1.56,1.57,0.039,0.039
NM20025,B449440,B449439,4.2,4.17,1.2,1.175,0.035,0.035
NM20025,B449459,B449458,4.25,4.28,1.15,1.145,0.032,0.032
NM20025,B449480,B449479,4.13,4.18,1.23,1.235,0.033,0.034
NM20025,B449502,B449501,4.07,4.16,1.035,1.05,0.034,0.034
NM20025,B449519,B449518,1.66,1.76,0.41,0.433,0.012,0.014
NM20025,B449538,B449537,4.55,4.46,1.245,1.24,0.038,0.036
NM20025,B449556,B449555,2.36,2.38,0.614,0.618,0.017,0.017
NM20025,B449576,B449575,4.09,4.26,1.065,1.075,0.033,0.034
NM20025,B449599,B449598,4.72,4.71,1.255,1.23,0.038,0.038
NM20025,B449618,B449617,4.01,4.05,0.955,0.959,0.032,0.034
NM20025,B449638,B449637,3.72,3.79,0.892,0.89,0.029,0.03
NM20025,B449658,B449657,5.16,5.28,1.295,1.29,0.038,0.039
NM20025,B449679,B449678,4.19,4.11,1.07,1.05,0.035,0.034
NM20025,B449698,B449697,4.36,4.43,1.17,1.175,0.037,0.039
NM20025,B449721,B449720,2.71,2.92,1.125,1.155,0.029,0.029
NM20024,B418650,B418649,4.11,4.29,0.662,0.735,0.028,0.03
NM20024,B418670,B418669,5.4,5.38,1.55,1.55,0.028,0.029
NM20024,B418690,B418689,3.23,3.18,0.223,0.198,0.023,0.025
NM20024,B418710,B418709,5.88,5.95,1.65,1.655,0.033,0.034
NM20024,B418732,B418731,2.78,2.61,0.102,0.097,0.02,0.018
NM20024,B418750,B418749,5.79,5.98,1.875,2,0.03,0.03
NM20024,B418768,B418767,5.43,5.44,1.81,1.795,0.028,0.028
NM20024,B418790,B418789,5.33,5.58,1.67,1.725,0.03,0.03
NM20023,B419605,B419604,5.12,4.98,0.044,0.044,0.038,0.035
NM20023,B419627,B419626,5.22,5.16,0.027,0.028,0.04,0.039
NM20023,B419645,B419644,5.65,5.53,1.975,1.965,0.054,0.053
NM20023,B419665,B419664,6.63,6.65,2.01,1.945,0.064,0.066
NM20023,B419685,B419684,6.36,6.32,1.865,1.855,0.062,0.061
NM20023,B419706,B419705,6.78,6.83,1.88,1.88,0.068,0.07
NM20023,B419725,B419724,6.82,6.81,1.9,1.88,0.067,0.068
NM20023,B419745,B419744,7.22,7.15,1.645,1.575,0.072,0.07
NM20023,B419768,B419767,4.06,3.95,1.37,1.35,0.041,0.04
NM20023,B419785,B419784,4.05,4.02,1.43,1.395,0.038,0.038
NM20023,B419805,B419804,3.95,4.06,1.37,1.38,0.038,0.038
NM20023,D024508,D024507,3.4,3.55,0.017,0.018,0.015,0.015
NM20022,B449103,B449102,3.23,3.31,0.065,0.065,0.015,0.016
NM20022,B449120,B449119,4.11,4.11,0.059,0.057,0.018,0.019
NM20022,B449140,B449139,6.22,6.34,0.065,0.059,0.025,0.026
NM20022,B449160,B449159,6.01,5.94,0.085,0.072,0.025,0.025
NM20022,B449180,B449179,3.89,3.96,0.087,0.079,0.022,0.023
NM20022,B449203,B449202,6.92,6.74,0.031,0.033,0.05,0.048
NM20022,B449221,B449220,6.25,6.1,0.04,0.041,0.046,0.045
NM20022,B449241,B449240,6.52,6.43,0.045,0.047,0.047,0.048
NM20022,B449262,B449261,6.24,6.29,0.042,0.043,0.045,0.045
NM20022,B449281,B449280,6.04,6.07,0.047,0.046,0.043,0.044
NM20022,B449302,B449301,5.56,5.6,0.045,0.045,0.039,0.04
NM20022,B449322,B449321,4.58,4.61,0.06,0.06,0.035,0.034
NM20022,B449341,B449340,5.55,5.4,0.056,0.052,0.043,0.041
NM20022,B449364,B449363,4.81,4.83,0.052,0.05,0.036,0.036
NM20022,B449380,B449379,4.8,4.93,0.048,0.047,0.036,0.035
NM20021,B418325,B418324,4.68,4.74,1.475,1.49,0.025,0.024
NM20021,B418345,B418344,4.58,4.62,1.61,1.6,0.025,0.027
NM20021,B418365,B418364,2.59,2.76,0.392,0.388,0.046,0.049
NM20021,B418385,B418384,4.81,4.91,1.555,1.61,0.029,0.03
NM20021,B418405,B418404,5.07,5.11,1.63,1.64,0.032,0.033
NM20021,B418425,B418424,4.69,4.6,1.39,1.38,0.038,0.037
NM20021,B418445,B418444,5.32,5.37,1.635,1.645,0.04,0.039
NM20021,B418460,B418459,5.94,1.44,2.12,0.171,0.046,0.031
NM20021,B418480,B418479,2.42,2.33,0.158,0.182,0.014,0.012
NM20021,B418500,B418499,2.14,2.02,0.523,0.53,0.011,0.011
NM20021,B418520,B418519,3.91,4.01,0.287,0.271,0.058,0.059
NM20021,B418540,B418539,5.43,5.36,1.775,1.735,0.045,0.043
NM20021,B418560,B418559,4.91,4.96,1.45,1.455,0.041,0.043
NM20021,B418580,B418579,4.7,4.64,1.605,1.57,0.038,0.037
NM20021,B418600,B418599,5.2,5.23,1.75,1.755,0.049,0.047
NM20021,B418620,B418619,5.24,5.2,1.61,1.61,0.049,0.049
NM20021,B418640,B418639,4.83,4.82,1.515,1.51,0.044,0.043
NM20020,B419385,B419384,4.59,4.65,0.063,0.064,0.036,0.036
NM20020,B419405,B419404,4.62,4.62,0.06,0.057,0.035,0.035
NM20020,B419425,B419424,4.74,4.66,0.05,0.05,0.036,0.036
NM20020,B419445,B419444,4.69,4.62,0.061,0.063,0.037,0.036
NM20020,B419465,B419464,4.92,4.93,0.052,0.048,0.038,0.037
NM20020,B419485,B419484,5.8,6.09,0.025,0.025,0.034,0.036
NM20020,B419505,B419504,7.22,7.33,0.047,0.048,0.039,0.038
NM20020,B419525,B419524,7.65,7.61,0.038,0.037,0.044,0.043
NM20020,B419545,B419544,7.4,7.37,0.033,0.032,0.033,0.032
NM20020,B419565,B419564,3.45,3.27,0.083,0.081,0.016,0.016
NM20020,B419585,B419584,4.92,4.93,0.038,0.035,0.021,0.02
NM20019,B416964,B416963,4.19,4.27,1.095,1.11,0.035,0.034
NM20019,B416984,B416983,4.17,4.22,1.125,1.13,0.036,0.035
NM20019,B449004,B449003,6.08,5.9,0.63,0.584,0.041,0.039
NM20019,B449025,B449024,3.18,3.13,0.869,0.866,0.026,0.027
NM20019,B449045,B449044,3.75,3.75,0.96,0.965,0.031,0.03
NM20019,B449064,B449063,3.26,3.51,0.854,0.892,0.029,0.028
NM20019,B449083,B449082,3.5,3.61,0.976,0.999,0.031,0.031
NM20018,B419225,B419224,3.95,3.92,0.057,0.056,0.026,0.025
NM20018,B419245,B419244,4.6,4.61,0.04,0.041,0.037,0.038
NM20018,B419265,B419264,4.42,4.54,0.022,0.022,0.028,0.03
NM20018,B419285,B419284,3.87,3.88,1.505,1.49,0.039,0.039
NM20018,B419305,B419304,5.76,5.65,1.76,1.74,0.059,0.057
NM20018,B419325,B419324,3.86,3.9,1.47,1.485,0.038,0.04
NM20018,B419345,B419344,5.72,5.82,1.255,1.275,0.05,0.051
NM20018,B419365,B419364,4.73,4.65,0.023,0.024,0.036,0.038
NM20018,D024621,D024620,3.66,3.67,0.043,0.043,0.013,0.013
NM20018,D024641,D024640,3.06,3.09,0.048,0.049,0.011,0.011
NM20017,B416764,B416763,4.65,4.65,1.385,1.39,0.04,0.039
NM20017,B416787,B416786,5.25,5.19,1.765,1.715,0.046,0.046
NM20017,B416806,B416805,4.56,4.62,1.37,1.39,0.041,0.043
NM20017,B416825,B416824,3.91,3.81,0.995,0.988,0.033,0.032
NM20017,B416845,B416844,5.2,5.19,1.435,1.44,0.047,0.047
NM20017,B416865,B416864,4.71,4.69,1.615,1.61,0.044,0.044
NM20017,B416886,B416885,2.12,2.21,0.601,0.611,0.018,0.02
NM20017,B416905,B416904,3.42,3.44,0.017,0.017,0.018,0.018
NM20017,B416925,B416924,3.54,3.51,0.021,0.02,0.025,0.024
NM20017,B416945,B416944,5.44,5.44,0.022,0.022,0.032,0.032
NM20016,B418190,B418189,4.46,4.5,0.677,0.665,0.002,0.004
NM20016,B418210,B418209,3.53,3.57,0.796,0.806,0.003,0.003
NM20016,B418230,B418229,6.08,6.06,1.615,1.62,0.01,0.01
NM20016,B418250,B418249,4.52,4.51,0.703,0.681,0.025,0.025
NM20016,B418270,B418269,2.2,2.24,0.259,0.268,0.01,0.009
NM20016,B418290,B418289,3.34,3.35,0.152,0.138,0.018,0.02
NM20016,B418310,B418309,4.57,4.39,1.42,1.365,0.017,0.017
NM20015,B418169,B418168,2.3,2.6,0.242,0.265,0.024,0.025
NM20014,B419025,B419024,4.79,4.76,0.036,0.035,0.038,0.039
NM20014,B419045,B419044,4.04,3.93,0.05,0.051,0.035,0.033
NM20014,B419065,B419064,4.33,4.29,0.097,0.099,0.033,0.032
NM20014,B419085,B419084,6.37,6.28,0.031,0.03,0.051,0.051
NM20014,B419105,B419104,5.53,5.59,0.044,0.045,0.046,0.047
NM20014,B419125,B419124,6.57,6.48,0.044,0.042,0.055,0.055
NM20014,B419145,B419144,6.16,6.2,0.044,0.042,0.05,0.05
NM20014,B419165,B419164,6.39,6.39,0.043,0.042,0.049,0.05
NM20014,B419185,B419184,7.31,7.24,0.047,0.049,0.053,0.053
NM20014,B419205,B419204,8.09,7.95,0.039,0.043,0.045,0.045
NM20013,B416566,B416565,23.7,25.5,0.035,0.029,0.144,0.146
NM20013,B416586,B416585,15.3,16,0.066,0.063,0.097,0.103
NM20013,B416606,B416605,20,19.95,0.072,0.075,0.124,0.122
NM20013,B416626,B416625,18.95,17.7,0.086,0.091,0.118,0.115
NM20013,B416645,B416644,11.95,12.65,0.1,0.097,0.092,0.095
NM20013,B416666,B416665,1.14,1.1,0.108,0.114,0.003,0.002
NM20013,B416685,B416684,10.05,10.05,0.134,0.13,0.076,0.077
NM20013,B416705,B416704,11.25,11.2,0.166,0.162,0.068,0.069
NM20013,B416726,B416725,13.4,13.05,0.188,0.196,0.064,0.064
NM20013,B416746,B416745,8.87,8.57,0.25,0.259,0.04,0.038
NM20012,B417888,B417887,3.69,3.68,0.028,0.028,0.017,0.018
NM20012,B417908,B417907,3.96,3.98,0.891,0.862,0.035,0.034
NM20012,B417928,B417927,4.26,4.26,1.475,1.495,0.041,0.042
NM20012,B417948,B417947,4.15,4.72,1.63,1.505,0.038,0.045
NM20012,B417968,B417967,4.64,4.81,1.15,1.175,0.034,0.035
NM20012,B417988,B417987,4.84,4.88,0.675,0.722,0.032,0.032
NM20012,B418008,B418007,4.68,4.65,1.465,1.46,0.046,0.046
NM20012,B418028,B418027,4.94,4.9,1.57,1.54,0.048,0.044
NM20012,B418048,B418047,4.38,4.35,1.235,1.24,0.042,0.042
NM20012,B418069,B418068,4.43,4.37,1.35,1.37,0.041,0.04
NM20012,B418089,B418088,4.96,5,1.57,1.59,0.046,0.046
NM20012,B418109,B418108,4.34,4.38,1.2,1.19,0.039,0.04
NM20012,B418129,B418128,4.65,4.62,1.275,1.29,0.044,0.044
NM20012,B418149,B418148,4.53,4.47,1.32,1.33,0.04,0.04
NM20011,B416308,B416307,5.35,5.19,0.055,0.056,0.042,0.04
NM20011,B416328,B416327,4.72,4.71,0.036,0.037,0.033,0.034
NM20011,B416346,B416345,5.57,5.76,0.023,0.023,0.036,0.036
NM20011,B416363,B416362,3.84,3.9,0.037,0.036,0.026,0.026
NM20011,B416379,B416378,2.95,2.96,0.027,0.027,0.014,0.015
NM20011,B416399,B416398,4.23,4.27,1.565,1.585,0.041,0.041
NM20011,B416419,B416418,4.6,4.67,1.73,1.745,0.045,0.045
NM20011,B416429,B416428,4.46,4.47,1.655,1.63,0.044,0.044
NM20011,B416442,B416441,4.25,4.19,1.555,1.545,0.041,0.04
NM20011,B416451,B416450,4.51,4.56,1.34,1.35,0.038,0.039
NM20011,B416469,B416468,3.36,3.36,0.053,0.052,0.013,0.012
NM20011,B416487,B416486,2.98,3,0.059,0.06,0.012,0.011
NM20011,B416507,B416506,5.72,5.62,0.05,0.052,0.021,0.021
NM20011,B416527,B416526,5.02,4.97,0.047,0.046,0.02,0.021
NM20011,B416547,B416546,5.16,5.47,0.03,0.031,0.022,0.024
NM20010,B419017,B419016,0,4.98,0,0.021,0,0.035
NM20010,D024665,D024664,4.89,4.93,0.012,0.012,0.035,0.037
NM20010,D024685,D024684,4.57,4.55,0.017,0.017,0.037,0.035
NM20010,D024705,D024704,4.96,4.9,0.019,0.019,0.041,0.041
NM20010,D024725,D024724,4.77,4.79,0.014,0.014,0.038,0.038
NM20010,D024745,D024744,5.1,5.08,0.018,0.018,0.025,0.025
NM20010,D024765,D024764,7.03,7.1,0.022,0.022,0.032,0.032
NM20010,D024785,D024784,3.2,3.11,0.035,0.034,0.014,0.014
NM20010,D024805,D024804,5.99,5.92,0.02,0.021,0.024,0.022
NM20010,D024825,D024824,2.83,2.87,0.024,0.023,0.011,0.011
NM20010,D024845,D024844,2.63,2.61,0.027,0.025,0.01,0.011
NM20010,D024865,D024864,1.72,1.82,0.012,0.012,0.011,0.011
NM20010,D024885,D024884,5.72,5.78,0.016,0.016,0.021,0.022
NM20010,D024905,D024904,3.99,3.93,0.021,0.021,0.017,0.016
NM20010,D024925,D024924,4.81,4.8,0.011,0.011,0.022,0.022
NM20009,B416094,B416093,5.53,5.59,0.063,0.061,0.026,0.026
NM20009,B416115,B416114,6.63,6.58,0.039,0.04,0.049,0.049
NM20009,B416138,B416137,7.9,7.89,0.027,0.026,0.061,0.06
NM20009,B416160,B416159,4.5,4.51,0.051,0.051,0.034,0.034
NM20009,B416182,B416181,4.34,4.35,0.047,0.049,0.035,0.036
NM20009,B416203,B416202,4.66,4.71,0.05,0.048,0.037,0.037
NM20009,B416227,B416226,4.42,4.5,0.054,0.056,0.032,0.035
NM20009,B416254,B416253,4.39,4.42,0.062,0.059,0.035,0.035
NM20009,B416273,B416272,4.53,4.6,0.061,0.058,0.036,0.036
NM20008,B417605,B417604,5.07,4.97,0.03,0.03,0.033,0.031
NM20008,C176852,C176851,3.32,3.37,0.061,0.058,0.015,0.015
NM20008,B417645,B417644,3.47,3.42,0.066,0.065,0.012,0.012
NM20008,B417663,B417662,4.05,4.05,0.037,0.043,0.025,0.026
NM20008,B417684,B417683,4.05,4.02,1.35,1.34,0.039,0.039
NM20008,B417705,B417704,3.67,3.82,1.425,1.46,0.036,0.036
NM20008,B417727,B417726,3.87,3.78,1.5,1.475,0.038,0.036
NM20008,B417739,B417738,3.86,3.74,1.49,1.475,0.036,0.035
NM20008,B417760,B417759,4.73,4.81,1.605,1.62,0.045,0.046
NM20008,B417782,B417781,5.3,5.3,0.04,0.04,0.04,0.04
NM20008,B417798,B417797,5.15,5.1,0.027,0.028,0.039,0.04
NM20008,B417820,B417819,4.13,4.11,0.082,0.082,0.033,0.032
NM20008,B417839,B417838,6.04,6.02,0.052,0.048,0.045,0.045
NM20008,B417859,B417858,4.69,4.46,0.05,0.049,0.035,0.034
NM20007,B415893,B415892,4.43,4.47,1.34,1.345,0.036,0.039
NM20007,B415917,B415916,5.34,5.36,1.75,1.76,0.048,0.049
NM20007,B415939,B415938,4.88,4.94,1.615,1.62,0.041,0.043
NM20007,B415957,B415956,4.33,4.25,1.24,1.27,0.039,0.035
NM20007,B415980,B415979,4.65,4.58,1.305,1.285,0.043,0.043
NM20007,B416000,B415999,5.06,5.1,0.405,0.44,0.03,0.031
NM20007,B416021,B416020,4.52,4.62,1.1,1.105,0.031,0.033
NM20007,B416041,B416040,4.55,4.47,1.315,1.315,0.05,0.05
NM20007,B416063,B416062,3.75,3.76,0.068,0.066,0.027,0.027
NM20006,B415664,B415663,5.46,5.62,0.968,0.95,0.051,0.052
NM20006,B415685,B415684,4.73,4.77,1.565,1.59,0.039,0.04
NM20006,B415708,,4.55,#N/A,1.525,#N/A,0.039,#N/A
NM20006,B415729,B415728,4.87,4.93,1.535,1.54,0.04,0.04
NM20006,B415746,B415745,4.56,4.45,1.38,1.395,0.038,0.035
NM20006,B415761,B415760,5.11,5.01,1.405,1.43,0.042,0.043
NM20006,B415780,B415779,5.08,4.79,1.63,1.56,0.041,0.039
NM20006,B415800,B415799,7.18,7.1,0.757,0.691,0.054,0.053
NM20006,B415817,B415816,4.39,4.29,1.15,1.14,0.034,0.033
NM20006,B415833,B415832,3.99,4.09,1.105,1.12,0.035,0.036
NM20006,B415854,B415853,4.17,4.16,1.025,1.015,0.038,0.038
NM20006,B415877,B415876,3.97,3.87,0.936,0.912,0.032,0.032
NM20005,B415490,B415489,4.66,4.66,0.639,0.559,0.029,0.029
NM20005,B415513,B415512,3.36,3.39,0.026,0.028,0.016,0.016
NM20005,B415536,B415535,5.82,5.9,0.027,0.027,0.034,0.036
NM20005,B415585,B415584,3.35,3.31,0.053,0.053,0.015,0.014
NM20004,B417379,B417378,4.05,4.05,0.994,0.994,0.034,0.034
NM20004,B417411,B417410,4.28,4.12,1.115,1.065,0.038,0.037
NM20004,B417439,B417438,6.62,6.57,0.701,0.729,0.042,0.041
NM20004,B417472,B417471,4.98,4.84,1.605,1.515,0.042,0.041
NM20004,B417531,B417530,4.78,4.75,1.645,1.655,0.044,0.044
NM20004,B417572,B417571,3.94,3.9,0.99,0.975,0.024,0.022
NM20004,C176872,C176871,2.77,2.73,0.048,0.05,0.019,0.019
NM20004,C176892,C176891,5.94,5.88,0.026,0.027,0.037,0.037
NM20003,B415242,B415241,5.11,5.13,1.61,1.625,0.046,0.045
NM20003,B415257,B415256,5.39,5.53,1.735,1.79,0.048,0.048
NM20003,B415273,B415272,5.2,5.3,1.725,1.765,0.045,0.046
NM20003,B415290,B415289,5.47,5.54,1.745,1.76,0.049,0.049
NM20003,B415311,B415310,4.45,4.58,1.305,1.32,0.038,0.04
NM20003,B415341,B415340,4.79,4.87,1.415,1.425,0.042,0.043
NM20003,B415355,B415354,5.22,5.18,1.64,1.65,0.047,0.046
NM20003,B415379,,4.58,#N/A,1.285,#N/A,0.038,#N/A
NM20003,B415393,B415392,4.06,3.98,1.14,1.13,0.035,0.035
NM20003,B415410,B415409,5.98,5.87,1.065,1.04,0.044,0.044
NM20003,B415427,B415426,3.31,3.27,0.858,0.856,0.026,0.026
NM20003,B415451,B415450,4,4.05,0.974,0.977,0.035,0.034
NM20003,B415463,B415462,3.42,3.45,0.907,0.911,0.032,0.032
NM20003,B415472,B415471,4.16,4.21,0.976,0.983,0.032,0.034
NM20002,B415014,B415013,6.29,6.15,0.692,0.696,0.045,0.042
NM20002,B415034,B415033,4.55,4.58,1.255,1.28,0.037,0.037
NM20002,B415050,B415049,4.98,5.06,1.44,1.48,0.042,0.043
NM20002,B415070,B415069,5,4.93,1.685,1.675,0.045,0.043
NM20002,B415090,B415089,4.35,4.46,1.37,1.41,0.042,0.042
NM20002,B415115,B415114,4.67,4.77,1.48,1.54,0.044,0.046
NM20002,B415140,B415139,4.7,4.71,1.58,1.575,0.044,0.043
NM20002,B415147,B415146,3.56,4.33,0.284,0.312,0.026,0.028
NM20002,B415176,B415175,5.03,4.98,1.61,1.62,0.049,0.048
NM20002,B415200,B415199,2.19,2.19,0.703,0.719,0.021,0.02
NM20002,D024530,D024529,2.69,2.7,0.054,0.058,0.017,0.017
NM20001,B417017,B417016,5.18,5.21,1.68,1.725,0.05,0.05
NM20001,B417035,B417034,4.8,4.81,0.429,0.451,0.031,0.031
NM20001,B417059,B417058,5.19,5.39,1.34,1.365,0.04,0.042
NM20001,B417079,B417078,4.81,6.57,1.555,0.102,0.044,0.192
NM20001,B417099,B417098,4.68,4.79,1.57,1.63,0.041,0.043
NM20001,B417125,B417124,5.36,5.22,1.85,1.835,0.046,0.045
NM20001,B417146,B417145,4.56,4.87,1.44,1.51,0.038,0.042
NM20001,B417169,B417168,4.98,5,1.65,1.695,0.044,0.042
NM20001,B417194,B417193,4.79,4.83,1.43,1.45,0.042,0.042
NM20001,B417218,B417217,5.14,4.96,1.485,1.605,0.043,0.039
NM20001,B417245,B417244,4.54,4.55,1.44,1.445,0.041,0.041
NM20001,B417267,B417266,7.76,7.74,0.733,0.699,0.051,0.051
NM20001,B417287,B417286,2.64,2.71,0.706,0.711,0.023,0.024
NM20001,B417305,B417304,3.58,3.6,0.949,0.944,0.03,0.03
NM20001,B417328,B417327,3.79,3.92,1.04,1.085,0.034,0.034
NM20001,B417350,B417349,4.92,4.92,1.31,1.34,0.044,0.042
NM20001,B415626,B415625,2.84,2.78,0.817,0.798,0.023,0.021
